Width, Height, talpha,Test0,Test1,Test2,Test3,Test4,Test5,Test6,Test7,Test8,Test9,Test10,Test11,Test12,Test13,Test14,Test15,Test16,Test17,Test18,Test19,,
512,512,0,1845.34,1845.98,1845.72,1846.22,1845.19,1846.4,1845.69,1846.13,1845.91,1845.9,1846.04,1845.47,1839.41,1846.33,1845.95,1846.35,1845.89,1846.17,1845.37,1846.05,
512,512,0.001,1847.89,1847.14,1847.29,1847.74,1847.39,1848.13,1847.36,1835.85,1847.76,1847.09,1847.58,1847.24,1847.97,1847.11,1847.07,1847.61,1848.11,1847.51,1848.42,1847.65,
512,512,0.002,1850.33,1847.82,1839.11,1850,1850.36,1849.93,1849.73,1850.58,1850.53,1850.46,1850.27,1850.77,1850.4,1850.59,1850.2,1850.35,1851.09,1843.81,1844.59,1850.32,
512,512,0.003,1853.38,1853.03,1853.14,1853.67,1854.5,1852.75,1853.71,1853.23,1852.71,1852.31,1853.14,1854.86,1841.3,1852.77,1853.7,1852.48,1853.54,1852.93,1853.26,1853.26,
512,512,0.004,1855.3,1855.53,1856.1,1855.67,1855.79,1855.25,1856.01,1843.02,1854.9,1855.53,1855.5,1855.12,1855.04,1855.82,1855.68,1855.32,1855.46,1855.68,1855.82,1855.06,
512,512,0.005,1857.47,1856.83,1843.86,1857.55,1857.13,1857.7,1857.27,1857.31,1856.51,1856.83,1856.9,1858.75,1857.26,1856.52,1857.08,1856.58,1857.66,1857.5,1840.94,1856.88,
512,512,0.006,1858.9,1859.39,1858.69,1857.65,1858.34,1858.85,1858.38,1858.53,1858.72,1858.44,1858.73,1858.63,1858.2,1845.14,1858.3,1858.2,1859.12,1858.3,1859.11,1858.7,
512,512,0.007,1860.96,1862.3,1861.73,1861.08,1861.93,1860.84,1860.68,1858.17,1846.96,1861.14,1861.77,1861.62,1862.34,1861.57,1861.48,1861.85,1860.72,1861.45,1861.24,1861.87,
512,512,0.008,1864.82,1864.2,1850.33,1864.18,1864.41,1864.5,1863.78,1864.05,1864.79,1864.72,1864.26,1864.49,1864.54,1864.28,1864.43,1864.15,1864.37,1864.24,1858.77,1865.12,
512,512,0.009,1867.3,1866.95,1867.04,1866.66,1867.21,1866.86,1867.02,1867.26,1867.59,1867.44,1866.79,1867.24,1866.61,1849.07,1866.61,1865.76,1866.81,1866.77,1867.33,1867.03,
512,512,0.01,1869.63,1869.46,1869.92,1870.21,1869.07,1868.92,1869.74,1862.78,1862.23,1870.12,1870.17,1870.42,1870.23,1869.8,1869.9,1869.48,1868.86,1870.02,1869.76,1870.23,
512,512,0.011,1873.3,1872.18,1858.33,1872.45,1873.37,1871.85,1871.8,1872.74,1872.45,1872.92,1873.03,1873.03,1873.14,1873.32,1873.02,1873.16,1872.1,1871.62,1859.28,1872.82,
512,512,0.012,1875.94,1876.15,1875.8,1875.84,1875.54,1876.6,1874.94,1875.21,1876.14,1875.14,1875.85,1876.34,1873.54,1860.95,1875.57,1874.66,1875.78,1874.78,1874.73,1875.67,
512,512,0.013,1877.82,1878.65,1878.83,1878.47,1878.4,1878.36,1878.21,1859.88,1877.7,1877.89,1878.13,1878.5,1878.15,1878.6,1878.29,1878.05,1878.75,1877.82,1878.06,1878.49,
512,512,0.014,1881.56,1881.02,1867.75,1881.02,1881.38,1881.01,1881.68,1880.12,1881.2,1881.16,1881.33,1880.89,1881.29,1882.22,1881.31,1881.29,1880.98,1880.43,1868,1880.99,
512,512,0.015,1884.29,1884.23,1884.39,1883.96,1884.92,1884.25,1884.42,1883.02,1884.21,1883.62,1884,1883.63,1872.92,1884.02,1885.23,1884.14,1883.68,1883.73,1884.16,1883.66,
512,512,0.016,1887.4,1886.39,1887.09,1886.56,1887.29,1886.8,1886.79,1868.48,1886.5,1886.74,1887.06,1886.79,1887.1,1887.43,1886.63,1886.72,1887.3,1886.14,1886.27,1886.99,
512,512,0.017,1889.93,1887.1,1882.42,1890.11,1889.93,1890.15,1888.78,1888.2,1889.93,1890.02,1889.73,1889.92,1890.07,1890.05,1890.18,1889.89,1889.43,1875.3,1889.38,1889.05,
512,512,0.018,1892.26,1892.68,1893.1,1892.7,1892.55,1892.37,1892.19,1892.47,1892.98,1892.53,1892.76,1886.54,1881.01,1893.13,1892.1,1892.74,1891.36,1892.28,1892.56,1892.69,
512,512,0.019,1895.01,1895.62,1895.36,1895.03,1895.44,1894.87,1879.31,1895.74,1894.4,1894.97,1895.01,1895.09,1894.85,1895.23,1895.04,1895.16,1895.03,1895.26,1895.35,1895.35,
512,512,0.02,1884.63,1898.67,1898.25,1898.37,1897.97,1897.66,1897.89,1897.66,1897.17,1897.58,1897.7,1897.37,1897.83,1898.4,1897.4,1897.32,1880.65,1897.07,1898.07,1897.54,
512,512,0.021,1899.71,1899.68,1899.53,1900,1900.51,1900.36,1899.51,1899.96,1899.69,1899.35,1881.76,1899.67,1899.87,1899.88,1900.09,1899.11,1899.92,1898.84,1899.97,1900.01,
512,512,0.022,1901.89,1901.28,1901.16,1902.6,1892.42,1902.28,1902.71,1902.53,1902.07,1902.18,1902.51,1902.56,1902.23,1902.19,1902.6,1902.36,1901.65,1902.45,1902.38,1898.06,
512,512,0.023,1904.65,1904.87,1903.83,1904.28,1904.26,1904.26,1904.49,1904.82,1904.78,1904.29,1904.93,1904.88,1904.49,1905.04,1889.28,1904.56,1905.17,1904.79,1904.64,1904.45,
512,512,0.024,1905.71,1906.36,1906.04,1906.13,1905.88,1906.21,1905.84,1905.8,1888.24,1905.64,1905.02,1905.49,1905.67,1905.66,1905.32,1905.33,1905.39,1904.98,1905.12,1905.4,
512,512,0.025,1906.9,1906.66,1893.12,1906.45,1907.28,1906.97,1907.17,1907.07,1907.44,1907.3,1906.81,1907.71,1907.12,1907.69,1906.81,1906.7,1907.06,1904,1893.33,1907.13,
512,512,0.026,1908.91,1908.85,1908.1,1908.21,1909.06,1908.41,1908.4,1908.37,1908.14,1908.25,1908.08,1908.45,1890.41,1908.48,1909.11,1908.12,1908.94,1908.06,1908.63,1908.8,
512,512,0.027,1909.5,1909.72,1910.06,1909.66,1908.85,1909.43,1893.61,1909.51,1910.03,1908.99,1909.36,1909.35,1909.4,1909.37,1909.94,1909.94,1909.76,1909.8,1909.2,1907.99,
512,512,0.028,1908.06,1898.46,1911.36,1910.66,1911.19,1911.34,1910.44,1910.64,1910.11,1909.48,1911.02,1911.15,1911.26,1911.04,1910.55,1910.68,1894.23,1910.21,1910.54,1911.2,
512,512,0.029,1911.51,1911.58,1912.15,1911.76,1911.91,1912.43,1912.08,1911.92,1912.09,1912.07,1899.43,1910.96,1911.09,1912.48,1912.48,1911.77,1912.13,1912.49,1912.58,1911.9,
512,512,0.03,1913.22,1911.97,1911.52,1913.1,1913.79,1896.73,1912.84,1912.59,1912.3,1912.5,1912.54,1912.45,1912.57,1911.28,1912.46,1912.74,1912.72,1912.94,1913.02,1912.3,
512,512,0.031,1913.67,1913.06,1913.68,1912.51,1913.16,1913.48,1913.59,1913.99,1913.1,1912.96,1913.25,1913.03,1912.99,1912.9,1902.99,1912.54,1913.68,1913.27,1913.62,1913.77,
512,512,0.032,1913.94,1914.19,1913.99,1913.27,1914.31,1912.56,1913.4,1913.96,1913.96,1900.14,1914.18,1914.02,1914.03,1914.03,1914.23,1915,1913.27,1913.49,1913.99,1914.71,
512,512,0.033,1914.99,1914.82,1915.18,1899.85,1914.6,1914.98,1913.84,1913.67,1914.91,1914.85,1914.92,1915,1914.4,1914.78,1914.99,1913.95,1914.23,1914.01,1904.27,1908.93,
512,512,0.034,1914.89,1915,1914.59,1915.82,1915.51,1915.01,1914.48,1915.5,1914.11,1914.23,1915.21,1915.1,1915.04,1902.26,1914.91,1914.85,1915.51,1914.97,1915.38,1914.29,
512,512,0.035,1916.07,1916.02,1916.2,1916.09,1916,1915.89,1915.81,1900.52,1916.03,1914.62,1913.8,1915.32,1914.97,1915.74,1916.74,1915.76,1915.18,1915.19,1915.3,1915.91,
512,512,0.036,1915.49,1914.95,1906.29,1916.49,1916.94,1917.58,1916.61,1916.63,1916.46,1916.91,1915.59,1916.05,1917.34,1917.11,1916.33,1917.06,1918.97,1901.97,1916.88,1916.75,
512,512,0.037,1915.25,1916.17,1917.08,1917.37,1917.67,1917.19,1917.62,1917.48,1916.75,1917.19,1916.56,1897.03,1916.6,1917.08,1916.59,1917.53,1917.03,1917.21,1916.99,1916.49,
512,512,0.038,1917.9,1917,1916.29,1916.97,1917.97,1916.46,1903.65,1918.08,1917.88,1917.82,1918.22,1918.16,1918.18,1917.78,1917.58,1918.21,1917.85,1917.89,1917.24,1917.74,
512,512,0.039,1903.58,1918.55,1918.25,1918.19,1918.47,1917.54,1918.3,1916.97,1917.03,1917.43,1917.32,1918.18,1917.92,1917.72,1918.24,1902.11,1917.58,1919.12,1916.82,1917.59,
512,512,0.04,1919.07,1918.5,1918.47,1917.78,1917.99,1918.18,1918.67,1918.47,1917.95,1915.55,1907.54,1918.34,1918.7,1918.94,1918.64,1917.99,1918.23,1918.45,1917.24,1917.66,
512,512,0.041,1919.9,1919.39,1919.31,1919.28,1903.63,1919.09,1919.13,1919.91,1917.93,1917.89,1919.38,1919.53,1919.87,1919.27,1919.86,1919.42,1919.71,1918.42,1919.58,1898.62,
512,512,0.042,1920.38,1919.82,1919.15,1920.12,1919.93,1920.27,1919.51,1920.17,1918.51,1919.18,1920,1919.85,1920.27,1919.56,1902.3,1920.43,1919.58,1920.14,1919.52,1918.89,
512,512,0.043,1919.94,1920.54,1920.25,1920.11,1920.76,1919.74,1919.85,1919.63,1904.7,1919.59,1921.01,1920.22,1920.25,1919.42,1920.89,1920.32,1919.48,1920.8,1919.1,1920.27,
512,512,0.044,1921.03,1920.84,1901.72,1920.95,1920.66,1920.92,1920.9,1920.02,1919.34,1921.57,1921.47,1921.16,1920.79,1921.27,1921.76,1921.12,1921.12,1919.96,1900.86,1915.04,
512,512,0.045,1915.69,1915.83,1915.15,1916.34,1918.46,1922.49,1920.9,1921.05,1922.03,1922.55,1922.11,1922.21,1922.98,1922.41,1919.38,1910.2,1921.3,1920.92,1922.03,1922.41,
512,512,0.046,1923.38,1923.36,1923.36,1923.32,1923.65,1922.64,1922.56,1923.62,1923.76,1912.02,1923.34,1923.07,1923.14,1923.62,1923.87,1921.9,1922.34,1922.98,1923.33,1923.34,
512,512,0.047,1923.7,1924.45,1923.11,1913.53,1922.85,1923.6,1924.06,1923.95,1924.17,1924.06,1923.73,1924.42,1924.26,1923.91,1923.57,1924.17,1922.26,1923.99,1924.14,1910.19,
512,512,0.048,1924.7,1924.68,1925.54,1925.33,1924.71,1924.87,1924.61,1924.96,1924.22,1924.82,1924.85,1924.75,1925.51,1910.48,1923.31,1924.76,1924.75,1924.5,1925.52,1924.39,
512,512,0.049,1926.96,1927.28,1927.39,1927.36,1927.71,1926.42,1926.86,1896.24,1842.96,1844.04,1854.07,1876.65,1846.17,1844.08,1846.77,1907.97,1927.42,1927.31,1927.78,1928.09,
512,512,0.05,1928.95,1928.73,1929.11,1928,1928.77,1928.21,1928.58,1929.21,1928.59,1913.23,1928.52,1929.03,1929.06,1928.61,1928.52,1928.54,1928.18,1929.21,1928.91,1928.67,
512,512,0.051,1929.55,1929.96,1928.9,1910.13,1930.11,1929.78,1930.63,1930.06,1930.17,1930.11,1929.75,1930.56,1930.15,1930.26,1928.43,1929.76,1929.68,1928.56,1916.8,1927.84,
512,512,0.052,1931.15,1931.81,1931.58,1931.48,1931.07,1931.19,1930.8,1931.04,1931.59,1931.87,1931.54,1932.86,1915.27,1931.29,1931.94,1931.77,1931.7,1931.11,1931.66,1931.78,
512,512,0.053,1933.55,1933.46,1932.95,1933.6,1933.33,1933.37,1915.31,1933.45,1933.19,1933.64,1933.77,1933.49,1933.44,1932.95,1932.86,1934.74,1933.7,1933.76,1932.76,1933.72,
512,512,0.054,1917.36,1934.97,1934.71,1934.72,1935.3,1935.25,1935.09,1935.46,1935.42,1934.82,1935.57,1935.1,1935.51,1935.3,1935.01,1915.67,1935.29,1935.39,1935.36,1935.07,
512,512,0.055,1940.24,1938.61,1938.78,1939.17,1938.72,1939.11,1939.02,1938.64,1939.02,1919.87,1938.75,1939.27,1939.08,1939.26,1939.28,1939.22,1939.32,1938.89,1938.75,1939.98,
512,512,0.056,1941.32,1940.77,1941.33,1932.59,1933.2,1941.51,1941.64,1940.87,1941.62,1941.05,1941.17,1941.31,1941.41,1940.57,1940.81,1941.21,1941.23,1940.98,1939.56,1927.96,
512,512,0.057,1941.67,1942.58,1943.05,1942.36,1942.37,1942.3,1941.92,1942.13,1942.57,1941.91,1942.79,1941.93,1941.23,1924.29,1942.11,1942.76,1942.57,1942.55,1942.79,1942.33,
512,512,0.058,1941.99,1942.55,1941.43,1942.15,1942.34,1941.93,1941.76,1928.23,1942.18,1942.3,1941.73,1942.16,1942.94,1941.08,1941.68,1942.87,1942.52,1942.97,1942.66,1942.75,
512,512,0.059,1943.11,1921.35,1944.72,1942.42,1942.12,1942.72,1943.69,1943.67,1943.53,1943.25,1943.67,1943.42,1943.38,1943.84,1942.85,1941.16,1924.35,1943.59,1943.03,1943.91,
512,512,0.06,1939.49,1939.66,1939.24,1938.81,1939.7,1937.54,1937.53,1938.37,1939.57,1939.09,1922.48,1939.9,1939.32,1939.32,1939.16,1939.15,1938.94,1937.63,1939.32,1939.06,
512,512,0.061,1938.14,1938.36,1937.82,1938.21,1932.62,1926.13,1936.77,1937.32,1937.67,1937.83,1938.17,1938.48,1938.31,1938.37,1938.63,1938.78,1938.93,1937.94,1937.13,1937.75,
512,512,0.062,1937.71,1937.28,1937.13,1937.67,1937.44,1938.25,1937.15,1937.95,1936.03,1937.34,1937.71,1937.62,1937.6,1937.83,1918.67,1938.21,1937.55,1937.77,1937.96,1935.79,
512,512,0.063,1937.67,1938.86,1938.7,1938.79,1938.21,1937.82,1938.47,1937.94,1928.25,1937.65,1937.91,1939.02,1939.04,1939.08,1939.19,1938.97,1939.14,1938.56,1938.95,1938.52,
512,512,0.064,1938.56,1940.43,1934.07,1933.44,1939.99,1939.84,1939.59,1939.89,1939.48,1940.72,1939.11,1938.04,1939.38,1940.51,1940.81,1940.05,1939.52,1939.85,1917.86,1939.53,
512,512,0.065,1936.87,1937.2,1938.26,1939,1937.75,1938.2,1938.38,1938.02,1938.38,1937.69,1938.96,1936.41,1919.17,1937.66,1938.1,1937.79,1937.92,1938.12,1938.19,1938.63,
512,512,0.066,1937.76,1935.09,1936.52,1937.06,1937.7,1937.26,1922.95,1937.3,1939.27,1937.42,1937.28,1937.03,1936.12,1937.93,1939.81,1937.8,1937.12,1938.04,1937.59,1937.72,
512,512,0.067,1926.94,1934.3,1936.93,1937.64,1937.26,1937.5,1937.79,1937.43,1937.14,1936.56,1937.13,1937.82,1938.58,1936.65,1935.97,1937.2,1924.91,1937.22,1937.18,1937.31,
512,512,0.068,1938.96,1939.54,1939.23,1939.16,1939.22,1939.75,1938.86,1940.08,1938.21,1938.15,1924.2,1939.82,1939.43,1939.27,1939.48,1939.36,1938.4,1939.62,1940.27,1937.32,
512,512,0.069,1938.74,1939.36,1938.77,1938.84,1920.77,1938.43,1938.69,1940.3,1937.37,1938.62,1939.46,1939.21,1939.8,1939.21,1939.72,1939.28,1939.03,1939.79,1938.28,1921.45,
512,512,0.07,1938.35,1938.62,1938.8,1939.12,1939.31,1939.03,1938.85,1939.77,1936.74,1938.16,1938.92,1939.18,1940.64,1931.84,1929.62,1939.45,1938.72,1939.94,1938.3,1937.38,
512,512,0.071,1940.42,1940.4,1940.11,1939.37,1939.94,1939.7,1939.85,1940.19,1924.73,1938.43,1939.47,1938.94,1939.14,1939.17,1939.77,1939.56,1939.81,1939.36,1941.2,1936.99,
512,512,0.072,1941.68,1941,1925.3,1941.35,1941.19,1941.18,1941.34,1942.25,1939.59,1940.48,1941.04,1941.61,1941.61,1941.25,1942.12,1941.32,1941.27,1918.67,1940.65,1941.32,
512,512,0.073,1942.1,1942.84,1942.43,1942.41,1941.98,1941.47,1942.35,1941,1941.33,1942.11,1942.58,1931.14,1934.02,1942.23,1942.01,1941.78,1941.5,1941.48,1941.2,1941.11,
512,512,0.074,1942.43,1942.55,1942.32,1941.58,1941.68,1941.21,1932.98,1940.88,1941.93,1942.68,1942.7,1942.47,1942.76,1942.75,1942.32,1941.89,1942.88,1941.29,1941.75,1941.77,
512,512,0.075,1925.56,1942.94,1942.61,1942.5,1942.92,1943.4,1941.41,1942.05,1942.01,1942.95,1942.61,1943.28,1943.59,1942.99,1942.62,1925.83,1941.46,1942.43,1942.61,1942.92,
512,512,0.076,1942.83,1943.11,1942.33,1942.71,1942.08,1941.55,1942.58,1942.43,1942.98,1923.7,1943.03,1942.63,1942.59,1942.28,1942.04,1942.61,1941.2,1940.69,1942.24,1942.56,
512,512,0.077,1943.57,1942.69,1942.45,1930.47,1938.14,1942.22,1942.86,1942.56,1943.1,1942.48,1942.8,1942.95,1943.3,1942.21,1941.23,1942.84,1943.24,1942.98,1940.82,1926.41,
512,512,0.078,1943.16,1942.93,1943.18,1942.81,1943.48,1942.17,1941.79,1942.77,1942.88,1942.47,1943.19,1943.05,1942.72,1927.71,1942.37,1943.31,1941.93,1941.11,1942.47,1943.3,
512,512,0.079,1943.26,1943.57,1943.61,1943.9,1943.24,1942.98,1942.14,1922.35,1942.99,1943,1944.11,1943.1,1943.65,1942.35,1944.11,1942.22,1943.22,1943.63,1943.69,1943.52,
512,512,0.08,1945.94,1926.92,1946.02,1945.98,1945.97,1945.23,1945.67,1946.15,1945.77,1946.04,1946.24,1945.37,1945.43,1946.17,1946.3,1945.41,1929.62,1946.17,1945.98,1946.08,
512,512,0.081,1948.46,1948.39,1948.03,1948.33,1947.58,1948.06,1947.92,1947.64,1948.26,1947.76,1930.16,1948.58,1948.17,1948.36,1948.07,1948.07,1948.21,1948.08,1947.94,1948.17,
512,512,0.082,1948.88,1948.96,1947.81,1948.21,1928.33,1948.25,1947.55,1947.38,1948.45,1948.68,1949.16,1948.43,1948.77,1948.81,1948.82,1948.95,1948.53,1948.24,1949.16,1925.88,
512,512,0.083,1949.43,1949.99,1949.88,1949.79,1950.33,1950.02,1950.02,1950.5,1950.17,1949.64,1949.91,1950.04,1950.73,1928.95,1949.98,1950.04,1950.47,1950.53,1949.87,1950.54,
512,512,0.084,1952.13,1952.27,1952.1,1952.04,1951.04,1952.1,1951.46,1928.84,1952.28,1952.09,1952.47,1951.93,1951.94,1952.08,1951.43,1951.9,1952.42,1951.08,1951.59,1951.59,
512,512,0.085,1951.35,1934.24,1950.73,1951.7,1951.84,1951.51,1951.6,1951.31,1951.51,1950.93,1952,1951.3,1951.72,1951.64,1951.49,1952.08,1935.71,1951.49,1952.14,1951.31,
512,512,0.086,1951.94,1950.65,1951.51,1951.48,1952.03,1951.45,1951.38,1950.9,1950.93,1950.45,1930,1950.33,1950.42,1950.89,1950.88,1951.33,1950.1,1951.55,1950.98,1950.84,
512,512,0.087,1949.92,1948.07,1949.56,1949.31,1928.41,1949.36,1949.85,1949.67,1949.6,1949.43,1949.31,1949.3,1949.25,1949.6,1949.93,1949.72,1948.55,1949.72,1950.1,1937.92,
512,512,0.088,1949.7,1949.17,1949.66,1950.01,1949.63,1950.18,1950.18,1949.74,1949.13,1951.34,1947.9,1948.1,1949.62,1926.46,1949.49,1950.09,1949.01,1949.46,1949.61,1949.11,
512,512,0.089,1950.25,1947.65,1948.88,1949.06,1950.06,1949.37,1949.15,1929.55,1950.3,1949.09,1948.69,1949.32,1948.3,1947.84,1949.38,1949.36,1949.8,1949.03,1949.81,1948.03,
512,512,0.09,1946.57,1924.17,1947.9,1946.86,1946.41,1947.14,1947.65,1947.91,1947.82,1947.52,1947.52,1947.45,1947.67,1947.53,1947.56,1946.89,1930.94,1944.91,1947.76,1947.83,
512,512,0.091,1946.74,1947.21,1946.31,1947.04,1946.84,1947.23,1946.21,1945.58,1947.63,1947.19,1942.07,1937.68,1947.26,1946.8,1947.22,1946.23,1946.12,1948.24,1945.2,1946.3,
512,512,0.092,1948.14,1947.26,1947.22,1947.41,1946.37,1927.5,1947.44,1948.38,1948.43,1946.21,1947.31,1948.84,1947.87,1948.14,1948.36,1948.43,1948.29,1948.19,1947.7,1948.33,
512,512,0.093,1946.89,1947.5,1948.67,1948.44,1948.75,1948.84,1948.07,1948.25,1948.53,1947.75,1947.83,1947.35,1947.36,1947.57,1929.65,1948.78,1948.27,1948.31,1948.06,1948.66,
512,512,0.094,1947.24,1948.26,1946.77,1946.48,1948.37,1947.95,1947.52,1947.88,1927.53,1947.66,1947.88,1947.56,1947.81,1947.25,1948.85,1946.16,1945.5,1947.54,1947.89,1947.48,
512,512,0.095,1943.92,1943.91,1926.46,1942.63,1943.87,1944.34,1941.74,1942.86,1944,1942.95,1944.13,1943.82,1943.83,1943.52,1944.08,1943.41,1943.97,1927.59,1940.56,1942.88,
512,512,0.096,1944.29,1943.46,1944.2,1944.66,1943.98,1944.07,1944,1945.65,1942.44,1943.08,1944.24,1941.38,1929.44,1944.64,1944.19,1944.55,1944.21,1944.15,1944.52,1943.85,
512,512,0.097,1944.97,1946.69,1946.89,1946.14,1945.74,1945.73,1924.97,1946.34,1945.17,1946.21,1944.45,1944.09,1945.39,1945.12,1945.37,1945.5,1944.78,1944.83,1945.44,1945.57,
512,512,0.098,1923.59,1942.84,1943.21,1944.65,1944.51,1944.25,1945,1944.67,1944.78,1944.8,1944.35,1944.52,1945.24,1944.84,1943.22,1920.72,1943.87,1945.13,1944.88,1944.47,
512,512,0.099,1943.65,1943.8,1944.72,1944.5,1943.77,1944.86,1944.37,1943.96,1944.16,1922.12,1942.47,1944.22,1943.92,1943.67,1943.54,1944.28,1944.01,1944,1943.1,1943.34,
512,512,0.1,1943.37,1943.7,1944.37,1924.33,1944.38,1944.54,1944.34,1944.5,1944.02,1944.12,1945.12,1942.68,1943.55,1944.44,1944.58,1944.94,1944.37,1943.73,1934.11,1940.7,
512,512,0.101,1946.47,1944.54,1944.27,1945.77,1946.31,1946.59,1945.26,1945.32,1946.17,1946.2,1946.36,1945.57,1942.93,1932.26,1945.05,1946.58,1946.41,1945.95,1946.02,1946.55,
512,512,0.102,1949.77,1950.11,1949.53,1948.41,1949.82,1950.88,1950.31,1930.21,1949.61,1950.86,1951.05,1950.17,1950.03,1950.03,1949.62,1949.27,1949.98,1950.81,1950.31,1950.17,
512,512,0.103,1980.9,1954.53,1979.29,1980.3,1980.09,1975.78,1979.41,1980.19,1980.45,1978.79,1980.39,1979.61,1978.87,1981.69,1979.56,1979.61,1955,1980.3,1981.34,1979.6,
512,512,0.104,1952.19,1952.06,1952.7,1952.02,1951.38,1951.21,1949.52,1951.7,1951.43,1951.64,1931.43,1951.71,1952.17,1951.75,1951.6,1951.55,1950.79,1950.48,1951.31,1951.79,
512,512,0.105,1952.02,1952.15,1952,1951.89,1929.15,1952.39,1950.28,1949.64,1951.48,1951.57,1951.57,1952.18,1951.53,1951.88,1951.16,1951.11,1952.73,1949.33,1950.43,1935.05,
512,512,0.106,1952.48,1953.6,1952.88,1952.34,1952.03,1951.11,1952.93,1950.54,1951.7,1951.95,1952.37,1952.76,1952.39,1939.73,1952.57,1952.2,1951.84,1950.83,1950.56,1951.45,
512,512,0.107,1953.12,1953.06,1953.27,1953.42,1953.47,1952.87,1953.44,1935.55,1951.3,1953.02,1953.46,1953.65,1953.63,1953.43,1953.65,1953.49,1953.67,1953.96,1952,1952.9,
512,512,0.108,1955.82,1942.76,1953.54,1955.93,1956.52,1955.68,1955.62,1956.81,1952.88,1955.46,1956.34,1955.69,1955.79,1955.73,1956.29,1955.49,1939.05,1950.84,1954.66,1954.66,
512,512,0.109,1953.98,1954.39,1954.19,1954.76,1954.5,1954.12,1953.44,1955.37,1954.83,1952.38,1951.21,1937.43,1953.93,1954.51,1953.91,1954.84,1954.34,1954.53,1954.37,1953.53,
512,512,0.11,1954.95,1955.07,1954.49,1955.47,1950.82,1938.06,1954.63,1954.76,1955.72,1955.25,1954.92,1954.89,1954.19,1955.69,1953.38,1952.97,1955.23,1954.9,1954.74,1953.76,
512,512,0.111,1957.67,1957.7,1956.97,1958.5,1956.6,1956.07,1957.45,1957.96,1957.63,1957.74,1957.46,1957.77,1958.13,1956.29,1939.74,1957.62,1956.31,1957.76,1957.72,1958.33,
512,512,0.112,1956.32,1956.27,1956.2,1956.25,1956.77,1954.91,1954.46,1955.83,1936.1,1956.8,1956.17,1957.19,1955.73,1955.69,1955.97,1955.63,1954.99,1956.14,1956.32,1956.66,
512,512,0.113,1960.31,1959.6,1940.28,1959.14,1961.47,1958.02,1958.42,1959.94,1959.76,1959.54,1959.92,1959.5,1960.02,1959.7,1959.29,1960.45,1958.19,1940.34,1960.03,1959.86,
512,512,0.114,1961.82,1961.4,1961.83,1961.22,1962.66,1960.87,1960.22,1961.46,1962.57,1962.07,1962.55,1944.42,1963.04,1962.13,1960.95,1962.81,1960.69,1961.47,1962.61,1962.32,
512,512,0.115,1962.63,1962.99,1962.81,1961.99,1963.84,1937.93,1962.02,1963,1963.6,1963.66,1962.95,1963.22,1963.25,1962.81,1963.49,1962.65,1961.71,1963.66,1962.76,1963.34,
512,512,0.116,1959.41,1959.42,1959.3,1959.45,1960.22,1956.98,1958.59,1959.02,1959.49,1960.08,1959.26,1959.55,1959.58,1959.7,1943.05,1957.91,1957.99,1959.37,1960,1959.9,
512,512,0.117,1957.73,1957.67,1957.78,1958.06,1959.1,1956,1957.14,1958.08,1934.82,1958.48,1958.33,1957.92,1958.33,1957.16,1957.89,1956.74,1956.42,1957.99,1957.57,1958,
512,512,0.118,1956.88,1957.45,1933.84,1956.67,1957.41,1955.59,1956.03,1956.97,1956.64,1957.18,1956.71,1956.95,1957.26,1956.96,1956.56,1957.73,1955.56,1942.97,1954.23,1957.42,
512,512,0.119,1957.77,1957.76,1958,1957.39,1957.44,1957.38,1956.32,1956.7,1957.11,1957.02,1957.63,1946.27,1952.34,1957.48,1956.61,1958.04,1957.71,1955.84,1955.48,1957.09,
512,512,0.12,1957.73,1957.64,1957.98,1958.14,1958.54,1951.14,1948.96,1957.88,1958.87,1957.81,1958,1959.23,1956.6,1957.08,1958.24,1958.31,1957.59,1957.95,1958.42,1957.68,
512,512,0.121,1949.65,1959.33,1956.58,1957.5,1958.62,1958.37,1958.22,1958.3,1958.5,1958.51,1957.39,1957.91,1959.07,1956.68,1954.27,1876.78,1865.99,1876.63,1888.45,1871.31,
512,512,0.122,1885.43,1904.35,1959.66,1957.51,1957.11,1959.18,1958.74,1958.28,1959.27,1959.11,1958.93,1958.67,1958.52,1960.14,1956.57,1957.77,1939.61,1958.87,1958.6,1959.16,
512,512,0.123,1959.58,1958.5,1959.54,1957.78,1958.66,1958.74,1959.23,1959.12,1959.22,1958.79,1941.06,1958.2,1959.53,1958.41,1957.05,1959,1959.39,1959.21,1960.01,1958.99,
512,512,0.124,1959.27,1959.17,1960.47,1957.54,1940.25,1959.52,1960.44,1959.66,1959.9,1960.06,1960.43,1959.8,1958.88,1960.49,1958.59,1957.72,1959.18,1959.34,1959.36,1939.4,
512,512,0.125,1960.13,1960.98,1960.13,1961.07,1958.85,1958.9,1960.15,1959.13,1960.16,1960.36,1960.23,1960.72,1960,1946.13,1959.98,1958.15,1959.89,1959.98,1960.06,1959.79,
512,512,0.126,1960.71,1961.01,1960.94,1960.57,1960.18,1960.53,1960.22,1946.97,1952.08,1960.46,1961.11,1961.44,1961.06,1960.99,1960.58,1961.61,1959.25,1959.46,1960.65,1960.51,
512,512,0.127,1980.46,1967.94,1976.44,1980.02,1980.03,1981.56,1978.51,1979.47,1979.61,1980.49,1980.12,1979.96,1979.73,1980.05,1979.73,1980.16,1967.8,1977.98,1979.45,1980.71,
512,512,0.128,1961.68,1961.08,1961.49,1962.04,1961.24,1961.49,1961.72,1960.1,1961.6,1961.65,1945.68,1961.57,1961.74,1961.87,1961.81,1961.98,1962.14,1960.87,1961.12,1960.2,
512,512,0.129,1961.65,1960.81,1961.85,1961.8,1938.72,1963.23,1960.45,1961.27,1959.83,1959.97,1960.88,1961.61,1961.38,1961.15,1961.58,1961.24,1961.31,1960.95,1961.15,1950.7,
512,512,0.13,1960.59,1961.35,1961.84,1961.54,1961.79,1961.3,1961.91,1961.71,1961.08,1962.03,1961.68,1959.56,1960.29,1954.16,1951.92,1961.21,1961.06,1961.7,1960.98,1961.04,
512,512,0.131,1963.08,1963.82,1962.82,1962.89,1963.25,1963.62,1961.57,1954.58,1955.6,1962.9,1963.27,1963.53,1963.3,1963.33,1963,1962.67,1963.73,1961.43,1962.07,1962.59,
512,512,0.132,1961.59,1947.75,1955.16,1961.15,1960.83,1960.7,1961.03,1962.15,1959.66,1959.78,1961.48,1960.78,1961.67,1960.85,1960.67,1961.12,1948.81,1956.39,1960.95,1961.95,
512,512,0.133,1959.87,1960.91,1960.71,1961.47,1960.72,1960.9,1960.83,1960.55,1960.92,1960.44,1951.24,1952.2,1960.08,1961,1961.2,1961.66,1960.47,1961.4,1960.83,1961.16,
512,512,0.134,1958.46,1958.2,1957.34,1958.22,1956.24,1945.35,1959.35,1959.48,1959.09,1959.31,1959.08,1958.93,1959.69,1958.17,1957.45,1959.28,1959.24,1959.03,1959.52,1956.06,
512,512,0.135,1958.03,1957.82,1956.69,1957.98,1956.11,1955.73,1956.38,1957.41,1957.79,1957.2,1956.02,1957.95,1957.68,1955.93,1939.34,1957.84,1956.23,1955.64,1957.94,1957.63,
512,512,0.136,1959.48,1959.1,1959.3,1958.76,1958.46,1958.51,1959.97,1957.22,1939.45,1959.02,1959.2,1959.09,1959.52,1959.19,1959.31,1958.49,1958.79,1959.01,1959.15,1957.48,
512,512,0.137,1959.19,1959.49,1937.2,1959.09,1958.75,1959.2,1959.92,1959.53,1958.32,1959.39,1957.95,1957.76,1959.42,1959.47,1959.45,1959.25,1959.22,1942.05,1958.84,1959.39,
512,512,0.138,1959.92,1958.9,1959.99,1960.74,1960.78,1960.48,1960.86,1960.51,1960.88,1961.06,1960.07,1941.35,1959.89,1958.68,1960.68,1960.2,1961.19,1960.94,1960.59,1959.97,
512,512,0.139,1960.02,1959.88,1960.92,1958.77,1958.44,1937.06,1960.21,1960.09,1959.72,1960.42,1959.79,1958.96,1959.42,1959.7,1960.16,1959.61,1957.55,1958.63,1959.84,1960.64,
512,512,0.14,1960.82,1960.09,1960.36,1960.35,1959.73,1959.44,1960.61,1958.71,1959.23,1960.09,1960.44,1960.54,1960.77,1959.86,1941.1,1960.82,1961.02,1960.65,1960.4,1960.61,
512,512,0.141,1958.29,1960.14,1960.36,1960.76,1960.2,1960.87,1960.84,1960.33,1944.06,1960.83,1960.51,1960.91,1958.38,1959.72,1960.09,1960.63,1960.16,1960.27,1961.43,1961.09,
512,512,0.142,1959.57,1959.03,1934.85,1959.49,1958.93,1957.42,1958.17,1958.14,1958.28,1958.43,1959.08,1959.14,1959.04,1958.96,1958.3,1959.05,1958.7,1940.83,1958.81,1959.2,
512,512,0.143,1958.73,1957.68,1956.76,1957.97,1958.46,1957.94,1958.27,1957.94,1958.37,1958.22,1958.16,1939.54,1958.17,1957.83,1958.62,1959.32,1955.81,1957.38,1959.05,1958.53,
512,512,0.144,1961.69,1961.54,1960.87,1961.31,1961.2,1942.15,1960.69,1961.44,1960.59,1961.03,1960.69,1961.14,1961.39,1961.47,1961.88,1961.8,1961.15,1961.67,1961.54,1961.5,
512,512,0.145,1960.56,1960.37,1958.12,1959.78,1960.62,1959.51,1960.95,1960.82,1960.4,1960.8,1960.79,1960.95,1960.57,1960.23,1950.51,1961.01,1958.46,1960.19,1960.35,1960.33,
512,512,0.146,1958.66,1958.26,1959.18,1959.17,1959.48,1959.17,1958.13,1958.89,1941.88,1957.82,1959,1959.1,1959.23,1958.35,1958.47,1959.45,1959.04,1958.99,1958.82,1959.64,
512,512,0.147,1958.68,1958.18,1939.38,1958.19,1958.76,1958.95,1959.27,1958.44,1959.04,1958.87,1958.66,1958.76,1959.2,1958.81,1958.5,1959.06,1957.61,1939.49,1959.23,1959.05,
512,512,0.148,1959.62,1958.87,1959.87,1959.46,1959.6,1959.71,1959.41,1958.96,1959.11,1958.03,1958.25,1939.47,1959.62,1959.21,1958.83,1959.17,1959.31,1959.05,1958.94,1959.38,
512,512,0.149,1961.21,1961.93,1961.71,1959.47,1960.73,1941.59,1961.74,1961.32,1961.44,1960.89,1961.32,1961.7,1961.31,1961.23,1961.32,1962,1960.76,1960.35,1961.36,1961.96,
512,512,0.15,1962.58,1962.8,1962.37,1962.53,1961.97,1961.9,1961.74,1961.46,1962.52,1960.71,1961.09,1962.02,1961.37,1961.89,1943.55,1962.37,1961.87,1962.71,1962.29,1962.41,
512,512,0.151,1964.04,1963.51,1962.04,1963.2,1963.51,1964.11,1963.95,1963.82,1942.19,1964.59,1963.83,1963.49,1963.61,1963.69,1963.84,1963,1963,1963.27,1963.79,1963.73,
512,512,0.152,1965.92,1966.39,1950.03,1966.8,1967,1966.58,1966.15,1966.57,1966.23,1965.3,1965.9,1966.81,1966.51,1966.36,1966.98,1966.67,1966.83,1946,1966.96,1966.99,
512,512,0.153,1966.74,1965.02,1965.63,1966.43,1965.85,1966.11,1966.45,1966.94,1965.75,1965.93,1966.64,1946.13,1965.96,1966.28,1967.24,1965.31,1963.94,1966.09,1967.03,1966.23,
512,512,0.154,1965.77,1965.81,1966.16,1966.02,1965.92,1945.81,1965.35,1966.81,1964.22,1963.85,1965.09,1965.31,1965.61,1965.49,1965.21,1964.95,1964.85,1965.39,1964.73,1964.52,
512,512,0.155,1965.65,1964.04,1963.13,1964.55,1964.68,1964.56,1964.61,1964.17,1964.57,1964.57,1964.33,1965.5,1965.21,1964.2,1944.86,1965.37,1963.65,1963.93,1965.29,1965.45,
512,512,0.156,1964.12,1965.04,1965.02,1965.09,1964.82,1964.95,1965.11,1965,1945.47,1964.5,1964.55,1964.54,1963.35,1964.52,1964.89,1965.28,1964.68,1964.65,1964.24,1964.47,
512,512,0.157,1965.39,1965.23,1944.88,1964.97,1965.19,1964.57,1964.74,1965.24,1965.43,1965.46,1965.15,1965.48,1964.94,1965.28,1965.39,1965.52,1964.55,1950.93,1964.49,1964.28,
512,512,0.158,1967.57,1968.27,1967.97,1968.11,1968.45,1968.02,1968.03,1968.15,1967.94,1967.92,1967.79,1949.8,1966.49,1967.66,1968.03,1968.03,1967.2,1967.73,1967.83,1967.49,
512,512,0.159,1966.46,1966.59,1966.64,1966.78,1966.83,1946.34,1966.21,1966.58,1966.69,1967.05,1967.16,1967.25,1967.1,1967.03,1967.26,1966.86,1966.4,1965.95,1967.01,1965.34,
512,512,0.16,1967.04,1966.66,1967.24,1966.93,1966.82,1966.64,1966.58,1967.06,1967.26,1966.89,1966.46,1967.38,1965.51,1966.56,1948.65,1966.72,1966.67,1966.86,1967.41,1966.49,
512,512,0.161,1970.9,1971.18,1971.17,1970.26,1971.32,1969.19,1969.42,1970.29,1947.31,1970.57,1970.41,1970.72,1970.69,1970.48,1971.26,1970.95,1971.32,1970.66,1971.4,1969.62,
512,512,0.162,1972.24,1971.59,1954.4,1972.63,1972.27,1972.81,1972.5,1972.09,1972.58,1971.76,1972.5,1972.16,1970.43,1970.55,1971.71,1972.26,1969.58,1960.15,1972.19,1971.46,
512,512,0.163,1972.75,1972.49,1972.5,1972.91,1973.31,1970.73,1972.01,1972.62,1971.93,1972.9,1966.75,1963.56,1972.93,1973.12,1973.22,1973.25,1972.33,1972.86,1972.5,1971.24,
512,512,0.164,1973.75,1974.2,1973.76,1974.3,1957.36,1971.18,1973.9,1974.2,1973.91,1974.01,1974.16,1974.01,1972.35,1973.26,1973.89,1974.41,1974.44,1973.94,1974.6,1957.58,
512,512,0.165,1975.21,1975.01,1975.35,1976.08,1974.36,1973.46,1975.16,1975.27,1975.34,1975.33,1974.5,1975.54,1973.7,1958.56,1974.48,1974.84,1974.63,1975.73,1973.67,1973.72,
512,512,0.166,1975.22,1976.06,1975.06,1975.29,1975.54,1975.37,1974.96,1956.59,1974.51,1975.32,1975.65,1973.72,1974.34,1975.15,1974.51,1975.44,1975.38,1975.42,1974.88,1975.54,
512,512,0.167,1969.77,1951.02,1970.37,1970.43,1968.61,1969.05,1970.68,1970.13,1969.78,1970.38,1970.79,1969.75,1970.33,1970.33,1970.45,1969.83,1957.18,1968.69,1968.75,1970,
512,512,0.168,1971.92,1971.79,1972.06,1972.46,1972.19,1971.61,1971.95,1971.42,1971.79,1972.92,1952.05,1970.9,1971.6,1971.81,1971.89,1971.86,1971.67,1971.57,1971.34,1972.7,
512,512,0.169,1970.89,1970.71,1971.85,1971.05,1946.25,1970,1970.95,1970.38,1971.02,1971.09,1971.27,1970.96,1971.15,1971.66,1971.04,1970.89,1970.87,1970.76,1970.31,1955.15,
512,512,0.17,1968.37,1969.66,1969.35,1969.4,1969.68,1969.7,1969.24,1970.16,1969.6,1969.52,1968.46,1969.86,1967.82,1948.42,1968.96,1969.92,1969.99,1970.4,1969.59,1969.78,
512,512,0.171,1968.23,1968.58,1968.32,1969.25,1969.27,1967,1965.79,1948.39,1969.13,1968.63,1968.52,1969.15,1969.17,1968.7,1969.11,1968.9,1968.26,1969.77,1966.98,1967.21,
512,512,0.172,1967.92,1956.82,1972.09,1971.92,1971.5,1972,1972.64,1971.77,1971.72,1972.98,1970.54,1970.7,1971.96,1972.23,1972.67,1964.4,1961.99,1972.44,1972.07,1972.26,
512,512,0.173,1970.96,1972.24,1970.22,1969.55,1971.84,1971.59,1971.04,1970.78,1970.33,1959.25,1966.45,1971.72,1971.43,1971.21,1971.26,1971.17,1969.75,1970.22,1971.47,1971.16,
512,512,0.174,1971.83,1971.31,1971.13,1954.39,1971.23,1970.72,1971.23,1972.06,1969.82,1969.7,1971.43,1971.2,1971,1971.62,1971.51,1970.94,1971.65,1971.21,1953.11,1970.14,
512,512,0.175,1969.44,1969.96,1971.73,1971.55,1971.49,1971.28,1971.91,1971.71,1971.69,1972.03,1971.44,1971.33,1952.9,1969.76,1969.81,1971.01,1971.44,1971.56,1971.56,1971.32,
512,512,0.176,1971.63,1971.76,1971.38,1971.07,1972.07,1969.31,1951.17,1970.66,1971.63,1971.19,1971.63,1971.3,1971.3,1971.29,1971.52,1971.41,1970.16,1971.48,1969.91,1969.91,
512,512,0.177,1949.31,1971.3,1971.44,1970.45,1970.91,1969.91,1970.97,1970.35,1970.48,1970.93,1968.2,1970.03,1970.61,1971.01,1970.88,1952.57,1970.92,1971.01,1970.68,1970.78,
512,512,0.178,1969.87,1969.12,1967.26,1968.53,1969.5,1969.12,1969.55,1969.4,1969.4,1946.17,1970.13,1969.79,1969.09,1969.52,1969.55,1967.6,1969,1969.43,1969.12,1969.62,
512,512,0.179,1968.42,1969.31,1969.24,1945.44,1968.04,1968.89,1967.29,1967.91,1968.98,1968,1968.79,1968.44,1968.94,1968.3,1968.84,1968.74,1968.86,1968.44,1948.71,1968.56,
512,512,0.18,1969.31,1970.29,1969.79,1970.02,1970.24,1970.52,1969.84,1970.2,1970.06,1968.72,1971.59,1968.43,1944.99,1969.92,1969.15,1969.36,1969.84,1970.19,1969.86,1969.47,
512,512,0.181,1971.44,1970.23,1972.28,1970,1970.15,1971.21,1952.65,1971.02,1971.1,1971.22,1971.49,1971.34,1971.9,1971.8,1971.27,1974.86,1972.35,1970.89,1969.92,1970.77,
512,512,0.182,1963.97,1982.67,1982.67,1982.87,1982.67,1983.04,1982.12,1982.32,1982.41,1982.71,1982.36,1982.3,1983.15,1980.76,1979.98,1968.34,1982.3,1982.45,1982.39,1982.26,
512,512,0.183,1979.07,1979.25,1979.23,1980.42,1978.93,1978.21,1979.59,1979.52,1969.74,1973.84,1979.39,1978.51,1979.43,1979.21,1979.71,1979.4,1979.84,1978.69,1978.87,1979.06,
512,512,0.184,1980.71,1980.48,1959.89,1980.16,1980.98,1980.64,1980.15,1980.85,1978.77,1980.09,1981.12,1981.08,1981.11,1980.26,1980.57,1981.05,1981.16,1963.24,1980.41,1981.43,
512,512,0.185,1980.48,1981.5,1982.05,1982.03,1982.11,1982.48,1982.19,1981.58,1982.52,1981.62,1980.88,1964.41,1979.7,1980.55,1981.55,1982.02,1981.8,1981.99,1981.98,1981.58,
512,512,0.186,1983.92,1983.09,1984.71,1981.57,1981.54,1967.22,1983.34,1983.9,1983.86,1983.69,1983.43,1983.06,1983.7,1982.69,1982.77,1984.25,1981.57,1982.64,1983.44,1983.66,
512,512,0.187,1983.46,1983.75,1983.35,1983.41,1983.26,1982.86,1983.83,1982.02,1981.96,1983.16,1983.01,1983.75,1983.12,1981.75,1966.75,1983.6,1983.51,1982.62,1982.59,1983.48,
512,512,0.188,1982.98,1984.75,1984.45,1984.68,1984.23,1984.51,1984.21,1970.35,1977.58,1983.85,1984.81,1983.2,1983.27,1983.84,1983.93,1984.42,1983.98,1984,1983.57,1984.11,
512,512,0.189,1984,1966.71,1984.74,1983.06,1984.27,1985.51,1986,1985.4,1985.94,1985.3,1985.52,1985.53,1985.24,1985.23,1986.68,1984.3,1962.93,1984.32,1985.65,1985.65,
512,512,0.19,1986.12,1986.17,1985.97,1985.19,1985.7,1985.77,1984.88,1985.74,1985.67,1984.04,1964,1985.66,1985.67,1985.71,1986.24,1986.36,1986.08,1986.31,1986.3,1985.85,
512,512,0.191,1993.07,1990.75,1990.95,1992.45,1974.26,1991.88,1992.54,1992.36,1992.24,1992.9,1992.13,1992.79,1992.11,1992.37,1992.29,1992.15,1992.26,1992.25,1978.07,1989.2,
512,512,0.192,1993.24,1993.69,1993.03,1993.4,1993.81,1994.08,1993.81,1993.59,1993.82,1993.51,1992.9,1993.96,1975.06,1991.83,1992.88,1994.08,1993.79,1993.51,1993.56,1993.8,
512,512,0.193,1994.4,1993.99,1994.42,1993.96,1994.14,1994.02,1945.75,1901.27,1900.15,1900.65,1919.65,1927.12,1924.9,1934.34,1883.34,1863.44,1869.31,1871.06,1841.51,1859.72,
512,512,0.194,1845.16,1861.31,1867.87,1860.3,1841.5,1839.97,1840.36,1858.61,1857.22,1866.19,1907.5,1860.22,1876.79,1876.59,1854.3,1843.63,1840.25,1840.24,1839.96,1840.28,
512,512,0.195,1833.14,1833.64,1881.98,1842.23,1847.87,1851.7,1839.41,1844.86,1862.67,1853.7,1845.66,1848.05,1864.27,1866.1,1844.29,1877.67,1895.16,1834.49,1837.97,1837.82,
512,512,0.196,1864.94,1850.48,1853.14,1874.45,1869.34,1859.49,1854.59,1857.11,1899.52,1856.63,1855.65,1858.25,1861.67,1856.67,1836.62,1844.67,1857.97,1866.56,1838.07,1833.58,
512,512,0.197,1857.27,1847.3,1861.56,1873.35,1846.88,1842.14,1853.13,1860.52,1875.68,1859.03,1854.2,1833.24,1832.43,1862.42,1880.4,1865.32,1851.02,1834,1832.58,1833.24,
512,512,0.198,1844.44,1879.3,1851.03,1836.84,1856.86,1847.94,1867.39,1832.7,1840.64,1846.44,1832.84,1833.09,1833.52,1832.71,1858.86,1846.49,1835.26,1899.84,1835.63,1846.69,
512,512,0.199,1825.7,1829.11,1841.25,1831.43,1844.79,1840.16,1847.32,1836.91,1830.62,1834.08,1834.26,1847.25,1851.02,1854.07,1854.89,1851.62,1857.68,1860.14,1852.63,1853.14,
512,512,0.2,1833.94,1844.51,1849.4,1860.81,1879.99,1827.86,1828.12,1825.8,1825.84,1826.18,1826.44,1826.51,1825.78,1826.48,1836.76,1857.52,1858.19,1872.89,1863.16,1834.29,
512,512,0.201,1829.5,1827.93,1835.29,1837.83,1842.29,1855.46,1859.43,1859.34,1857.06,1859.96,1857.87,1879.2,1860.22,1829.79,1843.61,1834.8,1838.35,1861.02,1837.24,1835.99,
512,512,0.202,1839.26,1845.05,1869.09,1833.13,1844.74,1850.43,1843.42,1849.75,1834.11,1833.27,1835.01,1854.22,1856.2,1849.97,1844.54,1861.03,1866.96,1849.71,1851.67,1855.46,
512,512,0.203,1836.99,1839.67,1833.24,1822.94,1823.28,1827.21,1823.55,1824.24,1868.16,1834.26,1843.63,1838.12,1858.47,1852.55,1833.73,1841.5,1824.19,1837.51,1838.8,1844.14,
512,512,0.204,1858.5,1848.57,1849.23,1848.62,1844.65,1841.99,1859.46,1828.11,1827.93,1821.43,1821.52,1858.07,1866.75,1864.53,1872.39,1821.94,1821.17,1823.68,1823.66,1826.41,
512,512,0.205,1827.69,1836.73,1835.59,1839.53,1836.61,1839.12,1884.62,1855.33,1856.38,1858.62,1859.27,1858.17,1857.8,1857.93,1857.86,1857.71,1857.86,1842.06,1850.54,1841.53,
512,512,0.206,1848.57,1831.35,1848.61,1855.52,1850.83,1853.95,1860.86,1870.63,1857.36,1846.21,1847.26,1821.65,1897.65,1831.02,1861.26,1835.89,1841.27,1832.11,1844.14,1820.35,
512,512,0.207,1858.19,1860.51,1853.66,1854.54,1874.71,1859.88,1836.56,1859.95,1830.32,1822.88,1819.68,1820.63,1821.1,1860.14,1852.64,1828.71,1837.57,1827.79,1857.91,1854.17,
512,512,0.208,1860.55,1860.32,1826.84,1820.29,1827.83,1841.49,1842.7,1835.34,1836.04,1827.44,1853.05,1836.08,1832.12,1848.19,1845.07,1820.34,1820.12,1819.8,1839.78,1849.24,
512,512,0.209,1856.94,1848.83,1868.31,1841.49,1847.65,1896.1,1845.16,1855.92,1865.24,1848.72,1866.59,1873.3,1875.02,1861.91,1857.56,1861.92,1853.34,1860.19,1862.96,1834.99,
512,512,0.21,1825.49,1843.46,1842.27,1822.81,1822.8,1829.51,1858.14,1838.25,1875.7,1822.14,1828.27,1834,1834,1837.03,1829.56,1823.34,1824.07,1822.34,1822.81,1832.35,
512,512,0.211,1859.86,1835.53,1833.07,1838.84,1832.31,1828.28,1833.95,1867.42,1832.58,1848.64,1836.37,1836.77,1830.45,1823.45,1907.81,1852.09,1851.14,1841.36,1848.7,1839.5,
512,512,0.212,1814.09,1812.51,1826.44,1831.44,1831.73,1825.34,1852.1,1828.02,1824.73,1829.29,1829.74,1866.84,1834.11,1837.82,1824.8,1820.68,1832.09,1842.99,1834.6,1830.91,
512,512,0.213,1808.79,1808.7,1812.03,1825.22,1853.85,1836.76,1838.86,1851.54,1857.27,1857.34,1828.29,1822.55,1837.25,1808.47,1809.05,1808.61,1809.27,1836.19,1838.42,1842.8,
512,512,0.214,1845.4,1808.49,1828.08,1815.23,1819.59,1857.64,1824.47,1812.66,1807.43,1826.23,1819.36,1845.99,1839.04,1830.58,1819.19,1822.41,1832.73,1826.21,1833.39,1817.27,
512,512,0.215,1811.69,1807.52,1808.65,1807.69,1809.63,1822.32,1854.81,1830.04,1822.82,1835.18,1837.74,1884.8,1821.54,1811.56,1834.48,1833.27,1838.93,1840.22,1835.91,1830.33,
512,512,0.216,1822.99,1829.85,1807.96,1822.76,1831.49,1832.66,1836.49,1836.74,1832.32,1842.13,1852.58,1841.28,1841.12,1849.55,1818.51,1811.88,1831.67,1881.5,1835.77,1820.64,
512,512,0.217,1809.26,1812.15,1820.21,1822.8,1830.7,1837.06,1852.08,1839.79,1818.36,1829.95,1833.52,1808.57,1808.48,1808.48,1809.32,1832.6,1847.35,1845.24,1850.25,1853.88,
512,512,0.218,1848.07,1817.46,1817.34,1812.39,1813.48,1812.15,1813.25,1812.91,1812.99,1812.85,1812.54,1812.48,1834.53,1857.8,1851.97,1842.93,1825.3,1825.31,1822.9,1818.25,
512,512,0.219,1824.19,1822.55,1822.54,1824.03,1827.22,1818.76,1829,1827.32,1834.31,1821.6,1811.82,1821.19,1862.03,1845.51,1828.42,1818.17,1808.95,1808.29,1808.58,1837.46,
512,512,0.22,1833.46,1832.31,1835.52,1832.17,1820.92,1823.29,1840.87,1820.99,1827.63,1808.88,1809.37,1831.71,1833.64,1834.49,1881.48,1820.07,1821.22,1825.52,1836.58,1850.71,
512,512,0.221,1834.86,1813.78,1808.92,1810.16,1809,1808.77,1837.08,1836.55,1837.48,1833.1,1813.22,1819.46,1848.67,1826.87,1826.11,1844.92,1833.88,1825.5,1828.32,1816.05,
512,512,0.222,1829.74,1820.33,1827.9,1848.44,1854.21,1823.14,1827.73,1840.9,1841.11,1829.7,1830.23,1832.24,1837.21,1826.1,1821.71,1813.52,1824.4,1828.09,1836.49,1812.92,
512,512,0.223,1812.28,1812.59,1814.12,1812.48,1812.79,1857.99,1821.08,1819.1,1818.23,1830.11,1865.86,1832.28,1818.39,1812.44,1812.79,1813.71,1813.27,1812.95,1833.95,1816.67,
512,512,0.224,1825.67,1819.74,1829.33,1847.56,1844.72,1824.25,1813.06,1820.46,1814.26,1812.87,1812.91,1868.35,1833.07,1832.91,1830.23,1818.27,1852.02,1829.72,1824.23,1815.86,
512,512,0.225,1818.36,1817.69,1818.25,1849.09,1848.21,1831.47,1825.2,1821.34,1855.62,1825.74,1818.32,1842.56,1860.07,1856.35,1862.33,1858.97,1860.03,1890.32,1821.38,1818.35,
512,512,0.226,1836.47,1855.65,1838.98,1823.14,1836.6,1851.19,1845.87,1835.5,1829.88,1865.1,1830.06,1823.32,1819.22,1841.54,1910.59,1867.38,1839.85,1827.86,1833.42,1833.22,
512,512,0.227,1819.4,1823.05,1853.73,1819.91,1821.36,1828.95,1822.52,1822.29,1851.66,1842.23,1824,1819.23,1831.41,1844.85,1840.94,1854.2,1843.68,1828.72,1823.35,1819.79,
512,512,0.228,1832.3,1847.85,1832,1845.07,1850.99,1841.56,1861.3,1871.1,1832.42,1818.65,1819.2,1818.71,1818.72,1820.67,1824.34,1838.93,1834.62,1828.94,1854.46,1854.83,
512,512,0.229,1853.82,1819.27,1819.56,1819.71,1821.19,1826.26,1853.87,1847.81,1849.74,1832.23,1823.52,1828.05,1832.21,1833.2,1829.96,1830.09,1822.92,1821.41,1821.64,1825.2,
512,512,0.23,1832.63,1877.97,1855.55,1836.45,1824.71,1820.69,1832.84,1822.51,1834.02,1827.45,1824.16,1825.3,1828.72,1842.17,1826.52,1853.51,1830.49,1821.12,1842.16,1840.56,
512,512,0.231,1840.97,1830.7,1819.55,1821.1,1822.73,1822.09,1829.66,1853.09,1834.99,1838.01,1835.12,1834.87,1821.51,1828.38,1827,1828.75,1827.12,1819.89,1823.89,1834.85,
512,512,0.232,1830.7,1834.46,1839.22,1826.97,1838.76,1837.99,1834.95,1834.31,1830.59,1821.23,1825.02,1821.59,1827.55,1839.63,1841.39,1821.47,1824.08,1838.54,1868.19,1850.88,
512,512,0.233,1821.79,1821.38,1821.45,1822.53,1842.32,1842.17,1842.82,1838.78,1840.3,1844.99,1852.58,1852.84,1866.84,1827.17,1825.9,1835.35,1829.7,1829.34,1827.79,1835.97,
512,512,0.234,1864.52,1865.88,1865.2,1830.58,1843.68,1832.81,1835.64,1819.42,1835.56,1831.05,1826.77,1841.65,1823.86,1833.64,1820.84,1820.59,1821.53,1846.41,1861.44,1837.12,
512,512,0.235,1853.01,1832.77,1834.81,1836.47,1829.45,1827.14,1822.64,1822.53,1859.21,1843.54,1853,1834.32,1856.47,1833.62,1823.28,1849.21,1844.46,1839.86,1852.98,1852.41,
512,512,0.236,1827.99,1875.81,1856.25,1825.03,1828.31,1831.45,1829.32,1831.92,1837.44,1842.21,1835.85,1834.34,1832.93,1842.05,1854.07,1829.78,1824.17,1824,1824.07,1824.06,
512,512,0.237,1826.24,1826.33,1843.5,1827.36,1835.03,1855.82,1857.39,1836.42,1848.13,1831.36,1826.38,1826.15,1827.72,1826.43,1826.67,1826.84,1828.28,1834.44,1847.62,1839.54,
512,512,0.238,1834.12,1830.78,1835.29,1836.87,1838.63,1844.96,1842.17,1835.49,1833.37,1836.51,1869.65,1831.45,1825.58,1871.24,1861.77,1845.29,1834.71,1855.21,1866.77,1847.87,
512,512,0.239,1834.63,1836.57,1852.95,1849.66,1849.55,1831.9,1832.39,1825.74,1845.59,1855.77,1844.79,1836.65,1826.57,1833.57,1836.84,1840.99,1833.08,1837.28,1866.08,1836.48,
512,512,0.24,1837.62,1846,1853.58,1842.61,1856.37,1866.64,1874.36,1858.52,1843.12,1829.27,1825.43,1873.41,1855.96,1844.81,1855.6,1854.85,1852.11,1833.14,1827.53,1829.94,
512,512,0.241,1849.56,1826.31,1825.76,1882.85,1844.05,1825.1,1825.99,1842.6,1832.44,1837.88,1832.54,1847.77,1845.4,1838.96,1854.41,1857.02,1867.44,1877.05,1851.75,1839.21,
512,512,0.242,1835.79,1847.39,1846.97,1855.59,1838.67,1838.66,1849.87,1843.67,1845.29,1848.83,1850.04,1835.28,1825.88,1825.94,1834.69,1848.45,1861.43,1829.06,1836.81,1834.44,
512,512,0.243,1843.75,1865.72,1832.67,1856.24,1862.09,1862.24,1838.33,1835.97,1867.55,1831.02,1840.78,1831.5,1837.64,1845.63,1841.83,1917.06,1829.85,1826.94,1842,1832.17,
512,512,0.244,1847.28,1836.69,1854.83,1851.96,1849.51,1865.39,1844.3,1868.68,1825.19,1825.46,1828.06,1834.98,1825.68,1860.34,1831.56,1840.26,1866.51,1825.96,1838.25,1843.09,
512,512,0.245,1879.83,1835.35,1832.79,1832.63,1841.89,1841.1,1860.06,1863.05,1846.34,1834.35,1845.3,1854.64,1850.05,1842.75,1828.46,1832.55,1841.51,1839.14,1840.71,1828.23,
512,512,0.246,1830.66,1838.1,1859.34,1872.53,1861.63,1841.01,1855,1852.83,1846.71,1830.98,1831.3,1831.05,1831.45,1833.66,1869.34,1868.09,1849.72,1863.72,1863.63,1862.95,
512,512,0.247,1861.62,1853.19,1862.03,1862.87,1860.69,1887.73,1858.45,1857.13,1847.89,1853.73,1857.01,1871.93,1836.4,1854.97,1831.34,1831.03,1833.04,1868.2,1891.04,1838.24,
512,512,0.248,1864.76,1859.98,1841.23,1847.74,1834.14,1851.12,1859.88,1858.91,1873.7,1837.77,1828.95,1831.53,1840.17,1853.55,1845.97,1842.38,1846.3,1836.85,1854.6,1856.33,
512,512,0.249,1835.95,1827.59,1831.09,1841.19,1827.13,1826.91,1826.9,1833.53,1835.96,1856.38,1866.7,1858.96,1858.1,1864.22,1865,1862.97,1864.27,1856.45,1856.73,1843.22,
512,512,0.25,1842.27,1851.06,1847.01,1835.44,1837.98,1834.66,1840.82,1833.49,1851.56,1832.69,1828.12,1829.86,1844.04,1865.9,1845.73,1851.81,1855.98,1851.11,1861,1837.61,
512,512,0.251,1826.86,1827.44,1829.36,1855.54,1872.19,1836.05,1850.75,1839.24,1826.62,1827.54,1836.4,1851.93,1854.52,1854.31,1853.3,1839.45,1837.27,1870.14,1858.95,1827.02,
512,512,0.252,1826.89,1826.74,1828.2,1827.15,1827.2,1826.89,1835.56,1845.82,1874.31,1830.77,1832.4,1853.82,1860.69,1850.29,1826.61,1831.65,1837.07,1848.64,1852.31,1851.22,
512,512,0.253,1858.51,1841.95,1864.39,1830.3,1860,1854.42,1826.19,1847.28,1860.18,1835.21,1855.89,1833.14,1829.97,1854.96,1848.83,1857.96,1838.73,1836.84,1845.9,1879.06,
512,512,0.254,1838.23,1855.3,1843.87,1838.56,1825.42,1825.79,1835.13,1829.41,1831.73,1853.31,1836.1,1860.4,1830.32,1850.62,1840.03,1826.73,1825.91,1825.23,1826.16,1826.83,
512,512,0.255,1848.27,1858.5,1835.43,1865.32,1844.84,1851.39,1831.86,1845.38,1844.89,1832.8,1831.21,1840.88,1824.06,1846.7,1843.92,1861.62,1854.76,1842.99,1855.15,1840.58,
512,512,0.256,1829.25,1846.93,1825.68,1848.69,1852.33,1868.19,1856.95,1851.06,1842.3,1843.58,1854.39,1848.7,1853.43,1856.43,1851.42,1829.8,1837.54,1843.55,1828.74,1828.49,
512,512,0.257,1860.95,1866.86,1856.42,1836.6,1846.94,1851.2,1843.97,1838.26,1839,1837.63,1840.72,1841.8,1834.96,1838.58,1847,1863.33,1834.42,1840.76,1829.68,1828.78,
512,512,0.258,1862.23,1866.44,1850.32,1830.03,1835.75,1837.73,1843.85,1876.17,1853.65,1832.27,1862.4,1859.31,1860.94,1856.1,1866.71,1863.14,1851.74,1857.24,1843.25,1847.1,
512,512,0.259,1866.04,1841.52,1848.07,1847.99,1841.37,1842.35,1838.83,1840.47,1844.15,1840.89,1858.39,1832.78,1850.45,1855.58,1840.76,1843.35,1838.85,1857.52,1848.82,1854.53,
512,512,0.26,1884.57,1844.69,1838.2,1830.14,1829.61,1843.75,1864.32,1829.48,1832.94,1836.7,1852.43,1865.9,1866.62,1851.39,1868.05,1846.07,1855.96,1858.9,1863.14,1861.18,
512,512,0.261,1848.56,1841.36,1847.06,1834.38,1841.47,1837.37,1835.96,1832.82,1837.57,1826.75,1827.68,1844.94,1851.47,1847.72,1830.32,1849.97,1855.09,1854.24,1843.08,1832.4,
512,512,0.262,1853.93,1840.91,1855.17,1866.86,1847.96,1860.21,1844.07,1845.65,1840.45,1860.64,1842.74,1840.09,1844.26,1836.54,1854.9,1853.98,1851.73,1868.92,1851.6,1851.04,
512,512,0.263,1823.96,1828.67,1847.5,1844.28,1832.97,1832.95,1834.78,1834.73,1834.66,1851.3,1834.14,1833.61,1833.74,1833.8,1833.84,1834.72,1835,1840.62,1837.95,1837.15,
512,512,0.264,1835.03,1834.69,1874.7,1832.8,1836.73,1833,1834.17,1840.83,1849.36,1828.44,1843.21,1852.47,1823.79,1850.09,1841.54,1865.11,1843.15,1824.69,1859.95,1853.11,
512,512,0.265,1835.3,1845.85,1853.67,1832.17,1845.5,1858.56,1875.78,1856.23,1851.82,1837.16,1824.48,1839.05,1824.49,1826.78,1847.98,1842.57,1824.43,1827.29,1829.36,1835.23,
512,512,0.266,1865.48,1824.86,1824.98,1831.71,1852.87,1850.18,1851.69,1853.01,1851.39,1851.97,1850.68,1866.82,1850.42,1884.3,1870.69,1859.96,1854.66,1853.19,1851.78,1851.66,
512,512,0.267,1839.73,1835.85,1833.26,1857.73,1853.9,1852.68,1841.69,1833.66,1830.98,1846.07,1839.65,1835.63,1831.92,1838.34,1850.68,1829.37,1825.6,1825.02,1824.84,1889.25,
512,512,0.268,1850.07,1827.72,1837.81,1834.29,1834.68,1846.25,1836.71,1826.94,1838.04,1846.27,1842.94,1855.54,1827.59,1836.34,1838.88,1826.78,1839.74,1826.42,1825.63,1827.18,
512,512,0.269,1837.53,1826.15,1835.1,1864.22,1846.46,1845.13,1876.06,1867,1854.72,1862.48,1855.2,1827.07,1826.5,1831.52,1849.68,1842.46,1848.8,1853.7,1838.2,1876.56,
512,512,0.27,1848.95,1863.25,1864.94,1863.73,1861.29,1865.48,1860.97,1860.57,1861.32,1860.89,1848.44,1838.65,1836.03,1856.06,1837.27,1903.26,1857.73,1860.98,1833.81,1852.66,
512,512,0.271,1851.2,1843.27,1862.72,1825.93,1834.12,1833.93,1852.78,1847.74,1847.26,1871.15,1853.58,1838,1835.19,1850,1850.3,1859.82,1844.32,1852.62,1851.13,1850.61,
512,512,0.272,1836.77,1854.75,1867.06,1888.03,1859.25,1825.32,1841.31,1852.79,1846.65,1857.98,1852.5,1849.38,1848.39,1845.6,1845.98,1849.76,1838.02,1827.46,1861.38,1829.14,
512,512,0.273,1837.07,1829.64,1829.83,1825.06,1826.97,1832.5,1833.59,1846.49,1838.18,1833.03,1867.09,1841.39,1851.16,1853.98,1830.86,1853.39,1841.26,1851.89,1854.22,1851.83,
512,512,0.274,1845.53,1834.72,1838.71,1838.1,1846.62,1861.02,1860.09,1843.61,1846.5,1825.35,1828.38,1825.53,1825.34,1830.32,1834.96,1828.95,1830.98,1839.76,1845.96,1870.75,
512,512,0.275,1852.91,1843.87,1829.9,1832.14,1841.95,1839.45,1839.78,1849.15,1824.14,1823.59,1831.57,1841.2,1863.92,1861.63,1886.05,1858.29,1854.75,1845.18,1836.7,1823.96,
512,512,0.276,1822.92,1821.95,1821.85,1821.59,1845.18,1854.41,1859.86,1847.71,1851.45,1828.65,1834.42,1831.92,1829.22,1848.64,1848.32,1855,1849.01,1852.89,1854.29,1833.7,
512,512,0.277,1866.79,1856.82,1861.83,1863.77,1841.29,1856.47,1837.69,1852.83,1848.54,1834.12,1879.06,1833.97,1822.52,1879.34,1864.34,1879.48,1849.57,1834.74,1823.66,1821.47,
512,512,0.278,1828.51,1828.91,1895.93,1832.5,1833.99,1841.62,1865.03,1858.48,1856.98,1845.11,1834.68,1829.65,1829.07,1829.8,1848,1855.79,1850.12,1842.58,1842.48,1851.37,
512,512,0.279,1853,1862.01,1826.8,1832.95,1823.94,1829.2,1841.99,1825.51,1846.46,1829.15,1822.74,1822.19,1832.73,1847.45,1843.61,1849.32,1850.96,1838.5,1822.69,1826.58,
512,512,0.28,1864.48,1854.32,1856.23,1856.24,1857.35,1855.51,1873.04,1835.4,1853.94,1826.64,1823.75,1823.93,1823.18,1822.7,1850.73,1829.07,1826.34,1822.12,1822.57,1822.59,
512,512,0.281,1846.63,1845.92,1855.89,1861.44,1824.71,1823.28,1848.83,1822.72,1822.7,1824,1840.79,1823.33,1841.67,1846.1,1868.43,1861.85,1840.39,1823.21,1832.38,1853.49,
512,512,0.282,1857.1,1857.82,1857.34,1857.48,1878.24,1857.21,1891.18,1874.26,1890.59,1867.43,1863.6,1857.7,1888.37,1894.9,1887.36,1906.69,1866.82,1867.59,1865.19,1880.62,
512,512,0.283,1869.9,1870.73,1843.71,1848.8,1828,1826.33,1830.42,1854.83,1887.26,1852.05,1844.18,1856.7,1859.93,1874.77,1869.47,1846.49,1851.32,1854.06,1822.78,1824.15,
512,512,0.284,1844.81,1839.44,1844.9,1820.47,1812.29,1812.22,1812.46,1814.93,1836.31,1832.57,1868.03,1840.87,1824.65,1812.51,1823.46,1831.52,1824.9,1821.86,1829.2,1833.38,
512,512,0.285,1826.29,1826.98,1835.99,1849.31,1808.81,1841.45,1823.43,1813.66,1832.18,1832.43,1832.26,1845.32,1852.44,1848.11,1848.57,1846.98,1838.6,1823.82,1831.66,1825.89,
512,512,0.286,1811.03,1812.87,1809.57,1809.18,1808.89,1819.14,1839.63,1824.61,1844.19,1816.54,1816.15,1857.93,1812.2,1827.27,1815.59,1813.29,1845.62,1808.74,1808.77,1817.48,
512,512,0.287,1850.04,1835.06,1814.48,1823.28,1865.43,1832.77,1819.01,1815.8,1827.63,1816.53,1822.7,1836.84,1827.4,1831.38,1835.34,1810.75,1826.13,1815.38,1821.43,1813.36,
512,512,0.288,1810.04,1809.84,1815.2,1810.01,1810.53,1810.32,1810.32,1873.65,1833.3,1818.19,1843.56,1835.37,1836.66,1813.83,1810.25,1821.2,1820.97,1813.51,1818.16,1810.41,
512,512,0.289,1839.12,1823.49,1883.68,1848.33,1819.36,1839.06,1826.2,1823.83,1814.55,1812.77,1813.1,1812.83,1812.58,1857.21,1825.57,1856.43,1828.55,1850.02,1839.35,1830.49,
512,512,0.29,1813.66,1828.73,1820.39,1843.71,1852.02,1853.84,1843.94,1825.42,1846.38,1857.31,1816.66,1825.63,1813.29,1813.54,1834.53,1813.94,1829.48,1826.27,1824.36,1839.01,
512,512,0.291,1828.67,1797.55,1832.39,1825.87,1828.84,1817.89,1832.71,1829.63,1823.21,1812.34,1799.99,1826.36,1807.9,1806.39,1809.2,1835.48,1818.44,1809.18,1798.03,1798.11,
512,512,0.292,1818.33,1801.3,1825.51,1824.89,1833.44,1826,1806.08,1804.85,1832.93,1831.44,1816.35,1809.63,1811.38,1825.5,1824.73,1825.37,1814.62,1829.09,1810.87,1800.88,
512,512,0.293,1835.35,1817.43,1816.27,1815.82,1814.86,1800.35,1813.21,1826.5,1826.75,1826.15,1809.9,1816.2,1835.09,1852.66,1836.44,1810.32,1815.3,1828.34,1825.24,1811.41,
512,512,0.294,1843,1813.06,1832.4,1830.43,1825.42,1817.88,1840.07,1831.88,1827.86,1820.83,1821.92,1808.78,1809.45,1826.25,1810.5,1823.28,1828.12,1821.43,1835.47,1829.76,
512,512,0.295,1848.54,1830.07,1830.05,1820.9,1848.86,1854.48,1840.6,1849.28,1871.72,1826.92,1834.69,1838.76,1836.56,1816.53,1821.65,1816.16,1815.86,1820.3,1836.78,1848.25,
512,512,0.296,1841.59,1885.77,1839.26,1815.83,1857.66,1833.52,1824.55,1851.06,1833.93,1817.97,1824.28,1847.66,1840.73,1837.24,1855.29,1820.72,1881.48,1819.04,1860.41,1823.73,
512,512,0.297,1829.34,1828.57,1824.57,1831.1,1833.97,1822.76,1829.73,1877.9,1845.47,1845.99,1844.39,1817.84,1829.95,1840.61,1826.21,1829.62,1814.91,1814.85,1828.95,1839.53,
512,512,0.298,1815.84,1816.19,1829.69,1835.47,1871.84,1851.65,1846.61,1830.6,1836.22,1820.27,1825.39,1840.38,1859.11,1853.81,1834,1824.4,1852.22,1863.22,1854,1832.2,
512,512,0.299,1812.33,1812.65,1812.47,1813.59,1812.53,1844.76,1826.96,1817.66,1834.62,1830.18,1858.33,1825.24,1814.71,1815,1834.04,1826.68,1820.55,1819.38,1819.49,1887.73,
512,512,0.3,1822.43,1844.12,1845.51,1836.93,1817.85,1817.79,1819.32,1838.98,1845.88,1844.14,1821.76,1847.47,1826.79,1825.75,1823.4,1854.81,1844.9,1837.77,1842.75,1841.56,
512,512,0.301,1846.08,1842,1826.56,1823.13,1860.88,1820.24,1821.96,1845.34,1819.52,1829.69,1843.83,1840.18,1827.33,1816.38,1816.73,1816.6,1817.42,1842.8,1819.22,1824.3,
512,512,0.302,1825.34,1819.51,1839.32,1840.62,1841.18,1845,1836.66,1849.44,1828.72,1853.84,1829.21,1823.27,1860.12,1836.45,1822.35,1846.72,1869.48,1845.7,1845.32,1846.87,
512,512,0.303,1842.66,1828.08,1841.06,1855.22,1840.98,1832.67,1833.29,1841.67,1834.72,1827.56,1822.87,1824.07,1820.07,1832.73,1827.95,1849.7,1843.76,1832.87,1834.88,1820.51,
512,512,0.304,1827.45,1826.11,1825.94,1826,1825.97,1826.59,1827.96,1849.65,1858.28,1849.96,1826.69,1837.15,1830.57,1827.68,1825.84,1832.59,1842.3,1833.93,1834.28,1830.63,
512,512,0.305,1868.25,1844.96,1856.84,1857.48,1869.62,1852.23,1829.99,1850.58,1856.46,1867.58,1859.93,1863.14,1870.29,1869.08,1847.6,1841.13,1829.63,1832.52,1850.9,1839.97,
512,512,0.306,1832.58,1850.55,1838.65,1851.97,1879.48,1865.68,1857.56,1832.64,1832.64,1834.8,1836.21,1860.72,1834.31,1834.37,1832.51,1834.32,1853.73,1868.39,1859.03,1858.46,
512,512,0.307,1845.84,1856.53,1858.25,1848.66,1849.77,1836.6,1849.77,1835.85,1841.77,1850.58,1885.5,1861.83,1841.04,1859.37,1865.86,1835.15,1858.56,1854.76,1847.52,1843.57,
512,512,0.308,1855.24,1842.51,1845.69,1844.25,1865.7,1852.47,1852.34,1838.91,1839.15,1853.23,1851.03,1841.26,1824.91,1846.76,1825.34,1843.23,1841.99,1833.29,1852.84,1852.86,
512,512,0.309,1827.26,1860.21,1842.49,1854.66,1858.11,1832.42,1848,1849.48,1823.53,1824.48,1841.57,1842.55,1840.78,1839.62,1842.36,1856.53,1838.05,1864.03,1840.8,1840.52,
512,512,0.31,1832.14,1836.13,1864.46,1850.69,1843.21,1830.47,1850.34,1841.79,1841.42,1843.15,1861.43,1834.45,1831.96,1833.41,1849.56,1844.06,1825.42,1825.31,1842.33,1834.63,
512,512,0.311,1814.03,1821.57,1847.63,1845.38,1831.33,1849.06,1819.85,1823.29,1891.83,1850.78,1857.09,1855.19,1849.86,1845.88,1845.99,1848.6,1829.24,1852.76,1851.58,1827.51,
512,512,0.312,1815.6,1817.07,1832.65,1843.15,1847.12,1845.64,1843.55,1843.56,1843.38,1836.8,1862.37,1874.31,1831.25,1832.5,1866.13,1816.24,1816.69,1815.48,1815.49,1815.1,
512,512,0.313,1817.9,1817.74,1817.79,1827.68,1823.55,1852.19,1845.34,1821.7,1851.49,1853.75,1838.71,1836.67,1831.28,1837.41,1847.75,1846,1821.99,1819.74,1821.75,1839.69,
512,512,0.314,1827.21,1835.19,1835.16,1836.41,1830.14,1824.95,1836.86,1836.91,1840.63,1849.93,1852.14,1863.07,1878.76,1841.58,1823.33,1825.64,1840.84,1829.81,1833.68,1835.02,
512,512,0.315,1830.22,1844.41,1847.75,1845.32,1853.34,1882.59,1858.47,1832.41,1832.19,1852.83,1856.39,1825.77,1825.46,1825.62,1825.43,1825.35,1825.57,1826.49,1851.49,1838.6,
512,512,0.316,1837.21,1829.06,1849.06,1839.35,1864.36,1865.68,1864.87,1857.28,1861.84,1862.14,1903.73,1849.84,1830.3,1856.51,1877.9,1838.55,1829.83,1831.73,1828.2,1827.86,
512,512,0.317,1830.47,1830.99,1833.71,1850.15,1852.84,1858.68,1850.81,1875,1833.08,1855.89,1857.81,1852.92,1852.47,1858.83,1857.86,1848.35,1837.55,1855.18,1830.13,1848.31,
512,512,0.318,1839.84,1830.4,1816.54,1832.87,1823.66,1819.24,1837.55,1841.47,1850.8,1822.46,1806.7,1825.19,1812.87,1816.74,1856.45,1838.62,1807.06,1819.57,1826.31,1807.45,
512,512,0.319,1834.29,1860.48,1824.98,1832.52,1831.82,1814.28,1833.09,1838.18,1836.79,1836.4,1815.83,1808.65,1814.8,1826.7,1831.72,1812.79,1808.21,1808.48,1808.47,1812.8,
512,512,0.32,1839.55,1841.13,1813.96,1812.53,1831.28,1816.57,1813.62,1866.62,1810.95,1811.36,1811.72,1811.51,1811.16,1813.28,1836.59,1841.78,1827.8,1832.17,1832.83,1836.15,
512,512,0.321,1817.58,1810.94,1811.5,1811.3,1811.34,1811.09,1814.13,1840.33,1833.63,1841.13,1824.64,1831.35,1834.56,1837.42,1813.18,1840.73,1839.9,1838.87,1822.05,1822.28,
512,512,0.322,1839.89,1811.59,1811.63,1811.45,1811.74,1831.14,1847.68,1837.91,1815.35,1819.9,1843.33,1838.58,1829.71,1829.77,1829.98,1835.75,1841.28,1841.12,1837.25,1831.4,
512,512,0.323,1842.88,1839.51,1840.72,1838.2,1824.11,1825.55,1814.82,1812.62,1812.4,1812.57,1812.55,1835.83,1843.7,1902.48,1827.16,1829.03,1843.56,1843.06,1835.71,1820.89,
512,512,0.324,1858.05,1836.8,1827.04,1825.49,1896.91,1861.42,1863.76,1847.39,1851.96,1829.55,1851.7,1829.13,1826.02,1840.84,1856.84,1856.69,1855.87,1857.74,1829.33,1867.3,
512,512,0.325,1862.06,1881.25,1881.8,1887.74,1852.46,1849.37,1849.97,1866.37,1884.1,1908.94,1887.01,1859.82,1864.1,1883.5,1851.2,1864.02,1877.93,1877.9,1853.81,1849.1,
512,512,0.326,1825.78,1823.37,1889.63,1831.04,1825.77,1850.67,1850.58,1855.44,1822.34,1821.52,1829.23,1853.76,1852.64,1857.66,1851.21,1845.78,1846.44,1846.06,1840.13,1859.47,
512,512,0.327,1828.05,1829.8,1829.15,1845.83,1857.17,1849.1,1844.88,1864.7,1844.93,1821.4,1820.3,1838.87,1876.85,1849.52,1821.76,1833.53,1826.7,1837.43,1852.85,1848.9,
512,512,0.328,1879.58,1834.93,1837.04,1824.08,1823.6,1835.56,1856.29,1846.66,1822.74,1832.36,1836.28,1828.98,1845.24,1864.57,1851.57,1851.75,1852.52,1852.08,1851.33,1863.19,
512,512,0.329,1843.6,1831.66,1838.92,1850.57,1820.72,1828.23,1846.48,1833.3,1828.02,1844.05,1846.7,1850.36,1850.45,1849.46,1823.55,1826.08,1820.66,1828.04,1846.42,1886.53,
512,512,0.33,1821.58,1837.87,1823.63,1823.4,1834.34,1851.64,1833.29,1823.49,1844.29,1825.23,1837.9,1828.21,1828.99,1827.93,1856.73,1855.33,1856.61,1842.73,1835.26,1866.68,
512,512,0.331,1831.99,1826.54,1829.54,1844.36,1839.81,1823.57,1822.59,1822.61,1823.45,1822.82,1827.36,1835.53,1858.18,1843.99,1851.91,1858.78,1839.9,1856.9,1848.94,1855.22,
512,512,0.332,1855.34,1855.32,1857.1,1838.48,1838.94,1848.62,1836.51,1831.67,1848.09,1855.09,1841.31,1826.69,1826.25,1826.31,1827.2,1826.61,1846.09,1870.69,1865.71,1846.06,
512,512,0.333,1835.13,1854.15,1897.83,1824.33,1824.47,1824.4,1824.89,1824.56,1831.74,1845.01,1841.01,1835.37,1841.73,1845.34,1828.9,1850.52,1833.53,1824.62,1825.21,1848.56,
512,512,0.334,1850.33,1840.07,1886.23,1846.59,1849.11,1856.84,1834.35,1832.49,1905.01,1833.35,1854.16,1863.71,1863.59,1863.51,1864.48,1845.08,1863.79,1861.84,1853.37,1840.64,
512,512,0.335,1866.66,1854.7,1830.75,1845.05,1850.64,1843.9,1839.56,1830.52,1844.89,1846.32,1846.79,1842.37,1872.36,1867.84,1865.97,1837.32,1833.12,1831.58,1831.4,1831.48,
512,512,0.336,1829.61,1829.63,1830,1830.11,1833.89,1853.28,1868.82,1884.95,1858.84,1848.36,1838.05,1830.41,1831.86,1829.84,1846.62,1833.94,1829.9,1829.56,1829.9,1844.66,
512,512,0.337,1849.31,1839.38,1829.95,1823.61,1825.09,1824.15,1824.66,1847.51,1849.94,1850.41,1844.88,1837.22,1847.31,1874.86,1845.19,1832.95,1824.52,1827.15,1824,1824.22,
512,512,0.338,1824.08,1823.94,1823.31,1838.82,1868.28,1853.2,1862.51,1851.55,1831.25,1851.94,1845.25,1854.45,1849.62,1854.51,1848.99,1846.17,1857.23,1868.63,1853.3,1831.56,
512,512,0.339,1848.73,1846.68,1836.56,1847.98,1857.66,1854.63,1854.11,1840.19,1831.39,1834.8,1868.24,1832.05,1853.55,1856.36,1859.21,1852.95,1844.17,1827.92,1823.68,1823.67,
512,512,0.34,1830.84,1849.71,1873.94,1833.03,1827.21,1832.99,1831.14,1841.71,1834.51,1825.4,1825.14,1825.48,1825.32,1827.31,1859.82,1870.65,1833.86,1836.35,1831.34,1833.28,
512,512,0.341,1831.7,1849.41,1849.54,1849.36,1835.92,1841.64,1854.43,1864.96,1854.65,1841.44,1841.29,1854.13,1839.69,1840.71,1837.21,1834.87,1839.01,1849.71,1845.96,1854.68,
512,512,0.342,1887.93,1861.66,1852.78,1853.26,1832.03,1831.88,1843.6,1877.04,1865.65,1850.56,1851.48,1861.16,1853.25,1839.51,1885.43,1839.58,1864.05,1843.67,1869.21,1838.73,
512,512,0.343,1840.82,1840.67,1844.55,1835.98,1888.61,1844.4,1882.94,1842.47,1842.06,1832.8,1831.33,1831.19,1831.17,1831.14,1837.5,1882.39,1862.39,1842.53,1844.65,1870.03,
512,512,0.344,1811.48,1835.26,1820.07,1816.97,1812.04,1812.09,1813.74,1844.23,1844.07,1827.11,1826.22,1812.36,1815.31,1811.53,1832.93,1824.52,1833.43,1830.68,1827.31,1823.79,
512,512,0.345,1834.7,1818.48,1819.84,1822.74,1835.08,1817.65,1828.62,1829.12,1814,1820.05,1822.73,1829.52,1841.95,1836.61,1831.85,1811.69,1814.61,1820.73,1877.21,1820.82,
512,512,0.346,1817.02,1816.6,1824.23,1875.16,1862.5,1832.36,1837.97,1838.73,1839.29,1834.54,1848.52,1822.73,1810.46,1809.94,1832.52,1841.76,1859.33,1828.6,1844.57,1819.95,
512,512,0.347,1811.56,1828.02,1810.99,1870.53,1817.39,1820.57,1824.18,1827.79,1810.7,1841.57,1818.96,1811.7,1815.64,1816.44,1821.69,1811.34,1839.1,1822.67,1810.6,1810.62,
512,512,0.348,1811.3,1815.57,1821.21,1811.77,1813.91,1844.38,1851.71,1855.66,1824.57,1838.67,1811.1,1811.37,1811.35,1811.24,1811.51,1818.63,1826.41,1821.27,1826.08,1816.14,
512,512,0.349,1823.47,1819.23,1857.77,1845.26,1833.57,1831.74,1849.7,1855.01,1848.91,1845.69,1869.76,1861.39,1846.91,1813.72,1816.38,1900.93,1815.74,1844.98,1856.45,1835.23,
512,512,0.35,1859.03,1898.62,1853.83,1836.03,1848.16,1900.68,1897.8,1845.91,1874,1893.4,1905.84,1918.33,1917.87,1913.79,1921.19,1937.57,1938.32,1938.26,1937.89,1937.88,
512,512,0.351,1922.05,1922.19,1922.25,1922.15,1922.25,1922.36,1922.39,1922.17,1922.58,1922.48,1922.32,1922.97,1922.93,1922.45,1922.34,1922.29,1922.76,1922.6,1922.32,1922.68,
512,512,0.352,1922,1922.09,1921.95,1922.07,1921.93,1921.91,1922.17,1922.11,1921.99,1921.92,1922.04,1922.12,1922.06,1922.04,1921.94,1922.17,1922.15,1922.26,1922.19,1922.41,
512,512,0.353,1922.43,1922.09,1922.24,1922.26,1922.38,1922.4,1922.12,1922.26,1922.19,1922.17,1922.57,1922.09,1922.08,1922.14,1922.2,1922.26,1922.08,1922.18,1922.09,1922.18,
512,512,0.354,1930.97,1930.61,1930.64,1930.42,1930.61,1930.59,1930.54,1930.4,1930.54,1930.39,1930.56,1930.4,1930.83,1930.52,1930.47,1930.5,1930.42,1930.43,1930.49,1930.67,
512,512,0.355,1932.74,1932.63,1932.73,1932.91,1933.25,1932.72,1932.54,1932.53,1932.66,1932.78,1932.82,1932.84,1932.81,1932.86,1933.04,1932.98,1933.27,1932.95,1932.84,1933.3,
512,512,0.356,1934.04,1933.49,1933.24,1933.17,1933.43,1933.28,1933.29,1933.3,1933.18,1933.26,1932.99,1933.03,1933.12,1933.08,1933.17,1932.96,1933.05,1933.16,1933.29,1933.49,
512,512,0.357,1932.69,1932.63,1932.48,1932.84,1932.49,1932.49,1932.46,1932.42,1932.84,1932.62,1932.51,1932.46,1932.52,1932.93,1932.56,1932.7,1932.44,1932.53,1932.69,1932.64,
512,512,0.358,1931.33,1931.4,1931.66,1931.27,1931.29,1931.4,1931.33,1931.36,1931.64,1931.43,1931.63,1931.61,1931.45,1931.53,1931.96,1931.39,1931.45,1931.53,1931.5,1931.39,
512,512,0.359,1925.82,1925.89,1926.08,1926.02,1925.96,1926.2,1925.99,1926.05,1925.83,1925.88,1925.86,1926.02,1926.14,1926,1926.02,1925.85,1925.87,1926.04,1925.86,1925.97,
512,512,0.36,1922.14,1922.28,1921.79,1921.79,1921.76,1921.9,1921.95,1921.99,1921.88,1921.86,1921.94,1922.13,1922.17,1922.16,1922.12,1922.08,1922.64,1922.18,1922.02,1922.06,
512,512,0.361,1931.14,1931.18,1931.33,1931.4,1931.31,1931.35,1931.31,1931.15,1931,1931.09,1931.01,1931.28,1930.99,1931.19,1931.14,1931.3,1931.65,1931.2,1931.16,1931.29,
512,512,0.362,1938.01,1937.71,1937.58,1937.75,1937.66,1937.97,1937.68,1937.83,1937.83,1937.84,1937.82,1937.66,1937.71,1937.68,1937.6,1937.81,1937.78,1937.79,1937.86,1938.02,
512,512,0.363,1940.13,1940.11,1940.11,1940,1939.98,1940.21,1939.92,1940.01,1940.22,1940.44,1940.71,1940,1940.09,1940.02,1940.11,1940.25,1939.99,1939.99,1940.11,1940.5,
512,512,0.364,1943.26,1943.31,1943.06,1943.12,1943.52,1942.99,1943.15,1943.08,1943.07,1943.28,1943.13,1943.36,1943.36,1943.23,1943.34,1943.07,1943.05,1943.1,1943.06,1943.44,
512,512,0.365,1948.89,1949.15,1949,1948.94,1948.7,1948.73,1948.69,1948.73,1948.93,1948.73,1948.94,1948.95,1949.12,1949.26,1949.12,1948.85,1948.84,1948.86,1948.79,1948.92,
512,512,0.366,1949.24,1949.34,1949.43,1949.68,1949.43,1949.27,1949.32,1949.33,1949.43,1949.21,1949.41,1949.46,1949.28,1949.37,1949.35,1949.46,1949.43,1949.17,1949.35,1949.2,
512,512,0.367,1949.27,1949.56,1949.72,1949.61,1949.74,1949.92,1950.9,1950.01,1949.72,1949.69,1949.62,1949.53,1949.69,1949.34,1949.49,1949.6,1949.64,1950.52,1950.07,1949.95,
512,512,0.368,1949.99,1950.29,1950.05,1950.07,1949.85,1949.79,1951.12,1949.84,1950.02,1949.9,1949.9,1950.07,1949.71,1949.72,1949.75,1949.75,1949.98,1949.86,1950.07,1949.86,
512,512,0.369,1954.79,1954.48,1954.4,1954.55,1954.57,1954.71,1954.54,1954.38,1954.72,1954.62,1954.98,1954.76,1954.85,1954.34,1954.46,1955.19,1954.65,1954.46,1954.5,1954.63,
512,512,0.37,1956.18,1956.17,1956.24,1956.05,1955.95,1956.24,1955.98,1956.19,1956.03,1955.95,1956.24,1956.15,1956.23,1956.16,1956.18,1956.37,1956.06,1956.07,1956.18,1956.4,
512,512,0.371,1952.98,1953.11,1953.3,1953.11,1953.26,1953.06,1952.89,1952.95,1953.2,1953.23,1953.07,1954.26,1953.37,1953.14,1953.38,1953.08,1952.96,1953.06,1953.21,1953.11,
512,512,0.372,1952.87,1953.15,1952.91,1953.27,1952.96,1953.12,1952.56,1952.6,1952.81,1952.73,1952.61,1952.6,1952.56,1952.97,1952.66,1952.8,1952.51,1952.59,1952.82,1953.12,
512,512,0.373,1954.31,1954.32,1954.59,1954.21,1954.23,1954.66,1954.46,1955.55,1954.27,1954.16,1954.24,1954.35,1954.32,1954.38,1955.39,1954.28,1954.58,1954.72,1954.46,1954.54,
512,512,0.374,1951.23,1951.49,1951.26,1951.36,1951.17,1951.19,1951.57,1951.25,1951.22,1951.66,1950.98,1951.08,1951.24,1951.12,1951.08,1950.96,1950.98,1951.29,1951.12,1952.11,
512,512,0.375,1950.91,1951.06,1950.86,1950.87,1950.86,1950.96,1951.1,1950.95,1950.97,1951.13,1951.44,1951.31,1951.06,1950.88,1950.86,1950.9,1951.17,1950.94,1950.75,1950.91,
512,512,0.376,1951.21,1950.66,1950.76,1950.97,1950.77,1951.04,1950.83,1950.85,1950.88,1950.88,1951.24,1951.06,1951.14,1950.9,1950.94,1951.1,1951.08,1950.89,1951.24,1950.91,
512,512,0.377,1946.46,1946.38,1946.34,1946.39,1946.47,1946.57,1946.24,1946.09,1946.17,1946.37,1946.46,1946.3,1947.58,1946.34,1946.45,1946.3,1946.26,1946.26,1946.24,1946.39,
512,512,0.378,1948.31,1948.33,1948.44,1948.84,1948.53,1948.42,1948.36,1948.49,1948.29,1948.15,1948.32,1948.26,1948.32,1948.27,1948.57,1948.45,1948.39,1948.39,1948.34,1948.46,
512,512,0.379,1950.17,1950.11,1950.35,1950.39,1950.35,1950.34,1950.53,1950.56,1950.81,1950.64,1950.36,1950.6,1950.53,1950.67,1950.72,1950.37,1950.35,1950.5,1950.74,1950.52,
512,512,0.38,1957.07,1956.99,1957.5,1957.16,1957.1,1956.99,1956.97,1957.14,1957.4,1957.17,1957.19,1957,1957.11,1957.12,1957.13,1957.21,1956.88,1957.13,1957,1957.02,
512,512,0.381,1954.87,1954.85,1954.75,1954.65,1954.82,1954.9,1955.29,1954.99,1954.78,1954.68,1955.12,1955.32,1954.93,1954.84,1955.06,1954.81,1955.26,1954.99,1955,1954.85,
512,512,0.382,1955.19,1955.3,1954.93,1954.66,1954.55,1954.75,1954.45,1954.72,1954.51,1954.5,1954.97,1955.09,1954.67,1954.71,1954.54,1954.82,1954.53,1954.5,1954.58,1954.7,
512,512,0.383,1954.22,1954.03,1953.8,1953.63,1953.68,1953.95,1953.58,1953.73,1953.94,1953.81,1954.23,1953.93,1953.89,1953.98,1953.72,1954,1954.03,1954.09,1953.94,1954,
512,512,0.384,1953.63,1953.66,1953.53,1953.58,1953.86,1953.32,1953.23,1953.17,1953.28,1953.28,1953.22,1953.63,1953.47,1953.5,1953.53,1953.32,1953.56,1953.3,1953.24,1953.51,
512,512,0.385,1955.24,1955.45,1955.23,1955.69,1955.56,1955.63,1955.02,1955.1,1955.28,1954.91,1954.96,1954.99,1955.03,1955.46,1955.23,1955.36,1955.24,1955.24,1955.38,1955.24,
512,512,0.386,1953.38,1953.41,1953.72,1953.66,1953.58,1953.52,1953.78,1953.57,1953.42,1953.55,1953.51,1953.48,1953.65,1953.54,1953.52,1953.67,1953.61,1953.92,1953.43,1953.43,
512,512,0.387,1954.36,1954.45,1954.31,1954.53,1954.32,1954.26,1954.54,1954.36,1954.23,1954.21,1954.09,1954.47,1954.2,1954.29,1954.24,1954.17,1954.46,1954.3,1954.45,1954.26,
512,512,0.388,1953.81,1953.69,1953.97,1953.64,1953.94,1953.81,1953.95,1954.03,1953.89,1953.82,1953.96,1954.06,1953.74,1953.73,1953.82,1953.6,1953.83,1953.7,1953.83,1953.8,
512,512,0.389,1950.81,1950.59,1950.92,1950.63,1950.63,1950.88,1950.59,1950.6,1950.63,1950.64,1951.11,1950.77,1950.59,1950.68,1950.68,1950.89,1950.86,1950.77,1950.69,1950.82,
512,512,0.39,1951.76,1951.83,1951.53,1951.49,1951.7,1951.67,1951.64,1951.37,1951.38,1951.67,1951.41,1951.41,1951.57,1951.9,1951.79,1951.67,1951.54,1951.63,1951.7,1951.59,
512,512,0.391,1960.14,1960.4,1960.2,1960.33,1960.03,1959.95,1959.96,1959.95,1960.12,1960.1,1960.07,1960.43,1960.34,1960.53,1960.58,1960.69,1960.4,1960.46,1960.57,1960.5,
512,512,0.392,1958.8,1958.76,1958.98,1958.73,1958.9,1958.82,1958.98,1959.02,1958.55,1958.66,1958.71,1958.73,1958.89,1958.52,1958.63,1958.52,1958.93,1959.07,1958.57,1958.6,
512,512,0.393,1951.98,1952.19,1951.75,1951.75,1951.84,1951.82,1951.77,1952.11,1951.81,1951.83,1951.79,1951.79,1951.98,1951.7,1951.94,1951.74,1951.86,1952.07,1951.76,1951.78,
512,512,0.394,1952.32,1952.57,1952.23,1952.37,1952.41,1952.52,1952.56,1952.39,1952.52,1952.33,1952.48,1952.48,1952.26,1952.26,1952.35,1952.77,1952.58,1952.7,1952.61,1952.7,
512,512,0.395,1953.63,1953.47,1953.35,1953.31,1953.39,1953.42,1953.28,1953.44,1953.54,1953.23,1953.29,1953.18,1953.1,1953.21,1953.3,1953.55,1953.23,1953.13,1953.36,1953.4,
512,512,0.396,1953.99,1953.9,1953.93,1953.86,1954.14,1953.92,1953.89,1954.15,1954.48,1954.31,1954.09,1954.57,1953.94,1953.84,1954.89,1954.12,1954.16,1954.3,1953.93,1954.06,
512,512,0.397,1963.59,1963.67,1963.29,1963.57,1963.44,1963.84,1963.26,1963.27,1963.62,1963.52,1963.54,1963.58,1963.79,1963.67,1963.57,1963.54,1963.53,1963.62,1963.93,1963.44,
512,512,0.398,1967.11,1967.3,1967.47,1967.03,1967.01,1967.03,1967.22,1967.84,1967.07,1967.11,1967.02,1967.28,1967.47,1967.39,1967.7,1967.12,1967.05,1967.23,1967.24,1967.63,
512,512,0.399,1970.33,1970.44,1970.18,1970.32,1970.28,1970.17,1970.52,1970.24,1970.38,1970.23,1970.1,1970.48,1970.08,1970.35,1970.43,1970.19,1970.42,1970.19,1970.03,1969.99,
